$MeshFormat
4.1 0 8
$EndMeshFormat
$PhysicalNames
6
1 1 "Right"
1 2 "Top"
1 3 "Left"
1 4 "Bottom"
1 5 "Circle"
2 6 "Interior"
$EndPhysicalNames
$Entities
9 8 1 0
1 2.2 0 0 0 
2 2.2 0.41 0 0 
3 0 0.41 0 0 
4 0 0 0 0 
5 0.2 0.15 0 0 
6 0.2 0.2 0 0 
7 0.25 0.2 0 0 
8 0.2 0.25 0 0 
9 0.15 0.2 0 0 
1 2.2 0 0 2.2 0.41 0 1 1 2 1 -2 
2 0 0.41 0 2.2 0.41 0 1 2 2 2 -3 
3 0 0 0 0 0.41 0 1 3 2 3 -4 
4 0 0 0 2.2 0 0 1 4 2 4 -1 
5 0.2 0.15 0 0.25 0.2 0 1 5 2 5 -7 
6 0.2 0.2 0 0.25 0.25 0 1 5 2 7 -8 
7 0.15 0.2 0 0.2 0.25 0 1 5 2 8 -9 
8 0.15 0.15 0 0.2 0.2 0 1 5 2 9 -5 
1 0 0 0 2.2 0.41 0 1 6 8 1 2 3 4 -8 -7 -6 -5 
$EndEntities
$Nodes
9 3608 1 3608
1 1 0 25
1
2
3
4
5
6
7
8
9
10
11
12
13
14
15
16
17
18
19
20
21
22
23
24
25
2.2 0.3758333333333334 0
2.2 0.3929166666666667 0
2.2 0.35875 0
2.2 0.3245833333333333 0
2.2 0.2904166666666667 0
2.2 0.25625 0
2.2 0.2220833333333334 0
2.2 0.1879166666666666 0
2.2 0.15375 0
2.2 0.1195833333333333 0
2.2 0.08541666666666667 0
2.2 0.05124999999999999 0
2.2 0.01708333333333333 0
2.2 0 0
2.2 0.3075 0
2.2 0.2391666666666667 0
2.2 0.1708333333333333 0
2.2 0.1025 0
2.2 0.03416666666666666 0
2.2 0.3416666666666667 0
2.2 0.2733333333333334 0
2.2 0.205 0
2.2 0.1366666666666667 0
2.2 0.06833333333333333 0
2.2 0.41 0
1 2 0 112
26
27
28
29
30
31
32
33
34
35
36
37
38
39
40
41
42
43
44
45
46
47
48
49
50
51
52
53
54
55
56
57
58
59
60
61
62
63
64
65
66
67
68
69
70
71
72
73
74
75
76
77
78
79
80
81
82
83
84
85
86
87
88
89
90
91
92
93
94
95
96
97
98
99
100
101
102
103
104
105
106
107
108
109
110
111
112
113
114
115
116
117
118
119
120
121
122
123
124
125
126
127
128
129
130
131
132
133
134
135
136
137
1.630357142857143 0.41 0
1.119642857142857 0.41 0
1.158928571428571 0.41 0
1.198214285714285 0.41 0
1.2375 0.41 0
1.276785714285714 0.41 0
1.316071428571429 0.41 0
1.355357142857143 0.41 0
1.394642857142857 0.41 0
1.433928571428571 0.41 0
1.473214285714286 0.41 0
1.5125 0.41 0
1.551785714285715 0.41 0
1.591071428571429 0.41 0
1.080357142857143 0.41 0
1.669642857142857 0.41 0
1.708928571428572 0.41 0
1.748214285714286 0.41 0
1.7875 0.41 0
1.826785714285714 0.41 0
1.866071428571429 0.41 0
1.905357142857143 0.41 0
1.944642857142858 0.41 0
1.983928571428572 0.41 0
2.023214285714286 0.41 0
2.0625 0.41 0
2.101785714285714 0.41 0
2.141071428571428 0.41 0
0.5303571428571423 0.41 0
0.01964285714285708 0.41 0
0.05892857142857122 0.41 0
0.09821428571428539 0.41 0
0.1374999999999996 0.41 0
0.1767857142857137 0.41 0
0.2160714285714279 0.41 0
0.2553571428571423 0.41 0
0.2946428571428565 0.41 0
0.3339285714285708 0.41 0
0.3732142857142852 0.41 0
0.4124999999999995 0.41 0
0.4517857142857139 0.41 0
0.4910714285714282 0.41 0
2.180357142857143 0.41 0
0.5696428571428565 0.41 0
0.6089285714285706 0.41 0
0.6482142857142849 0.41 0
0.6874999999999992 0.41 0
0.7267857142857136 0.41 0
0.766071428571428 0.41 0
0.8053571428571423 0.41 0
0.8446428571428567 0.41 0
0.883928571428571 0.41 0
0.9232142857142853 0.41 0
0.9624999999999995 0.41 0
1.001785714285714 0.41 0
1.041071428571428 0.41 0
2.160714285714286 0.41 0
0.03928571428571415 0.41 0
0.1178571428571425 0.41 0
0.1964285714285708 0.41 0
0.2749999999999994 0.41 0
0.353571428571428 0.41 0
0.4321428571428567 0.41 0
0.5107142857142852 0.41 0
0.5892857142857135 0.41 0
0.667857142857142 0.41 0
0.7464285714285708 0.41 0
0.8249999999999995 0.41 0
0.9035714285714281 0.41 0
0.9821428571428567 0.41 0
1.1 0.41 0
1.139285714285714 0.41 0
1.217857142857143 0.41 0
1.296428571428571 0.41 0
1.375 0.41 0
1.453571428571429 0.41 0
1.532142857142857 0.41 0
1.610714285714286 0.41 0
1.689285714285715 0.41 0
1.767857142857143 0.41 0
1.846428571428572 0.41 0
1.925 0.41 0
2.003571428571429 0.41 0
2.082142857142857 0.41 0
0 0.41 0
0.07857142857142829 0.41 0
0.1571428571428566 0.41 0
0.2357142857142851 0.41 0
0.3142857142857136 0.41 0
0.3928571428571423 0.41 0
0.4714285714285711 0.41 0
0.5499999999999994 0.41 0
0.6285714285714277 0.41 0
0.7071428571428564 0.41 0
0.7857142857142851 0.41 0
0.8642857142857139 0.41 0
0.9428571428571424 0.41 0
1.021428571428571 0.41 0
1.060714285714285 0.41 0
1.178571428571428 0.41 0
1.257142857142857 0.41 0
1.335714285714286 0.41 0
1.414285714285714 0.41 0
1.492857142857143 0.41 0
1.571428571428572 0.41 0
1.65 0.41 0
1.728571428571429 0.41 0
1.807142857142857 0.41 0
1.885714285714286 0.41 0
1.964285714285715 0.41 0
2.042857142857143 0.41 0
2.121428571428571 0.41 0
1 3 0 24
138
139
140
141
142
143
144
145
146
147
148
149
150
151
152
153
154
155
156
157
158
159
160
161
0 0.3929166666666667 0
0 0.01708333333333333 0
0 0.05124999999999998 0
0 0.08541666666666664 0
0 0.1195833333333333 0
0 0.1537499999999999 0
0 0.1879166666666666 0
0 0.2220833333333333 0
0 0.25625 0
0 0.2904166666666667 0
0 0.3245833333333333 0
0 0.35875 0
0 0 0
0 0.03416666666666665 0
0 0.1025 0
0 0.1708333333333333 0
0 0.2391666666666666 0
0 0.3075 0
0 0.3758333333333334 0
0 0.0683333333333333 0
0 0.1366666666666666 0
0 0.205 0
0 0.2733333333333333 0
0 0.3416666666666667 0
1 4 0 111
162
163
164
165
166
167
168
169
170
171
172
173
174
175
176
177
178
179
180
181
182
183
184
185
186
187
188
189
190
191
192
193
194
195
196
197
198
199
200
201
202
203
204
205
206
207
208
209
210
211
212
213
214
215
216
217
218
219
220
221
222
223
224
225
226
227
228
229
230
231
232
233
234
235
236
237
238
239
240
241
242
243
244
245
246
247
248
249
250
251
252
253
254
255
256
257
258
259
260
261
262
263
264
265
266
267
268
269
270
271
272
0.569642857142857 0 0
1.080357142857143 0 0
1.041071428571429 0 0
1.001785714285715 0 0
0.9625000000000004 0 0
0.923214285714286 0 0
0.8839285714285716 0 0
0.8446428571428573 0 0
0.805357142857143 0 0
0.7660714285714286 0 0
0.7267857142857143 0 0
0.6874999999999999 0 0
0.6482142857142856 0 0
0.6089285714285713 0 0
1.119642857142858 0 0
0.5303571428571427 0 0
0.4910714285714284 0 0
0.4517857142857142 0 0
0.4125 0 0
0.3732142857142856 0 0
0.3339285714285712 0 0
0.294642857142857 0 0
0.2553571428571427 0 0
0.2160714285714285 0 0
0.1767857142857142 0 0
0.1375 0 0
0.09821428571428567 0 0
0.05892857142857141 0 0
1.669642857142858 0 0
2.180357142857143 0 0
2.141071428571429 0 0
2.101785714285715 0 0
2.062500000000001 0 0
2.023214285714286 0 0
1.983928571428572 0 0
1.944642857142858 0 0
1.905357142857144 0 0
1.866071428571429 0 0
1.826785714285715 0 0
1.787500000000001 0 0
1.748214285714286 0 0
1.708928571428572 0 0
0.01964285714285714 0 0
1.630357142857144 0 0
1.59107142857143 0 0
1.551785714285715 0 0
1.512500000000001 0 0
1.473214285714287 0 0
1.433928571428573 0 0
1.394642857142858 0 0
1.355357142857143 0 0
1.316071428571429 0 0
1.276785714285715 0 0
1.2375 0 0
1.198214285714286 0 0
1.158928571428572 0 0
0.03928571428571427 0 0
2.160714285714286 0 0
2.082142857142858 0 0
2.003571428571429 0 0
1.925000000000001 0 0
1.846428571428572 0 0
1.767857142857144 0 0
1.689285714285715 0 0
1.610714285714287 0 0
1.532142857142858 0 0
1.45357142857143 0 0
1.375 0 0
1.296428571428572 0 0
1.217857142857143 0 0
1.178571428571429 0 0
1.060714285714286 0 0
0.9821428571428577 0 0
0.9035714285714288 0 0
0.8250000000000002 0 0
0.7464285714285714 0 0
0.6678571428571427 0 0
0.5892857142857142 0 0
0.5107142857142856 0 0
0.4321428571428571 0 0
0.3535714285714284 0 0
0.2749999999999999 0 0
0.1964285714285713 0 0
0.1178571428571428 0 0
1.100000000000001 0 0
2.121428571428572 0 0
2.042857142857144 0 0
1.964285714285715 0 0
1.885714285714287 0 0
1.807142857142858 0 0
1.728571428571429 0 0
1.650000000000001 0 0
1.571428571428573 0 0
1.492857142857144 0 0
1.414285714285715 0 0
1.335714285714286 0 0
1.257142857142858 0 0
0.07857142857142854 0 0
1.139285714285715 0 0
1.021428571428572 0 0
0.9428571428571432 0 0
0.8642857142857144 0 0
0.7857142857142858 0 0
0.7071428571428571 0 0
0.6285714285714284 0 0
0.5499999999999998 0 0
0.4714285714285713 0 0
0.3928571428571428 0 0
0.3142857142857141 0 0
0.2357142857142856 0 0
0.1571428571428571 0 0
1 5 0 9
273
274
275
276
277
278
279
280
281
0.2 0.15 0
0.25 0.2 0
0.2353553390593275 0.1646446609406727 0
0.2176776695296638 0.1573223304703363 0
0.2426776695296637 0.1823223304703364 0
0.2088388347648319 0.1536611652351682 0
0.2265165042944957 0.1609834957055045 0
0.2390165042944956 0.1734834957055046 0
0.2463388347648318 0.1911611652351682 0
1 6 0 8
282
283
284
285
286
287
288
289
0.2 0.25 0
0.2353553390593274 0.2353553390593274 0
0.2426776695296637 0.2176776695296637 0
0.2176776695296637 0.2426776695296637 0
0.2463388347648318 0.2088388347648318 0
0.2390165042944956 0.2265165042944955 0
0.2265165042944955 0.2390165042944956 0
0.2088388347648318 0.2463388347648318 0
1 7 0 8
290
291
292
293
294
295
296
297
0.15 0.2 0
0.1646446609406726 0.2353553390593274 0
0.1823223304703363 0.2426776695296637 0
0.1573223304703363 0.2176776695296637 0
0.1911611652351682 0.2463388347648318 0
0.1734834957055044 0.2390165042944956 0
0.1609834957055045 0.2265165042944955 0
0.1536611652351682 0.2088388347648318 0
1 8 0 7
298
299
300
301
302
303
304
0.1646446609406727 0.1646446609406725 0
0.1573223304703363 0.1823223304703362 0
0.1823223304703364 0.1573223304703363 0
0.1536611652351682 0.1911611652351681 0
0.1609834957055045 0.1734834957055044 0
0.1734834957055046 0.1609834957055044 0
0.1911611652351682 0.1536611652351682 0
2 1 0 3304
305
306
307
308
309
310
311
312
313
314
315
316
317
318
319
320
321
322
323
324
325
326
327
328
329
330
331
332
333
334
335
336
337
338
339
340
341
342
343
344
345
346
347
348
349
350
351
352
353
354
355
356
357
358
359
360
361
362
363
364
365
366
367
368
369
370
371
372
373
374
375
376
377
378
379
380
381
382
383
384
385
386
387
388
389
390
391
392
393
394
395
396
397
398
399
400
401
402
403
404
405
406
407
408
409
410
411
412
413
414
415
416
417
418
419
420
421
422
423
424
425
426
427
428
429
430
431
432
433
434
435
436
437
438
439
440
441
442
443
444
445
446
447
448
449
450
451
452
453
454
455
456
457
458
459
460
461
462
463
464
465
466
467
468
469
470
471
472
473
474
475
476
477
478
479
480
481
482
483
484
485
486
487
488
489
490
491
492
493
494
495
496
497
498
499
500
501
502
503
504
505
506
507
508
509
510
511
512
513
514
515
516
517
518
519
520
521
522
523
524
525
526
527
528
529
530
531
532
533
534
535
536
537
538
539
540
541
542
543
544
545
546
547
548
549
550
551
552
553
554
555
556
557
558
559
560
561
562
563
564
565
566
567
568
569
570
571
572
573
574
575
576
577
578
579
580
581
582
583
584
585
586
587
588
589
590
591
592
593
594
595
596
597
598
599
600
601
602
603
604
605
606
607
608
609
610
611
612
613
614
615
616
617
618
619
620
621
622
623
624
625
626
627
628
629
630
631
632
633
634
635
636
637
638
639
640
641
642
643
644
645
646
647
648
649
650
651
652
653
654
655
656
657
658
659
660
661
662
663
664
665
666
667
668
669
670
671
672
673
674
675
676
677
678
679
680
681
682
683
684
685
686
687
688
689
690
691
692
693
694
695
696
697
698
699
700
701
702
703
704
705
706
707
708
709
710
711
712
713
714
715
716
717
718
719
720
721
722
723
724
725
726
727
728
729
730
731
732
733
734
735
736
737
738
739
740
741
742
743
744
745
746
747
748
749
750
751
752
753
754
755
756
757
758
759
760
761
762
763
764
765
766
767
768
769
770
771
772
773
774
775
776
777
778
779
780
781
782
783
784
785
786
787
788
789
790
791
792
793
794
795
796
797
798
799
800
801
802
803
804
805
806
807
808
809
810
811
812
813
814
815
816
817
818
819
820
821
822
823
824
825
826
827
828
829
830
831
832
833
834
835
836
837
838
839
840
841
842
843
844
845
846
847
848
849
850
851
852
853
854
855
856
857
858
859
860
861
862
863
864
865
866
867
868
869
870
871
872
873
874
875
876
877
878
879
880
881
882
883
884
885
886
887
888
889
890
891
892
893
894
895
896
897
898
899
900
901
902
903
904
905
906
907
908
909
910
911
912
913
914
915
916
917
918
919
920
921
922
923
924
925
926
927
928
929
930
931
932
933
934
935
936
937
938
939
940
941
942
943
944
945
946
947
948
949
950
951
952
953
954
955
956
957
958
959
960
961
962
963
964
965
966
967
968
969
970
971
972
973
974
975
976
977
978
979
980
981
982
983
984
985
986
987
988
989
990
991
992
993
994
995
996
997
998
999
1000
1001
1002
1003
1004
1005
1006
1007
1008
1009
1010
1011
1012
1013
1014
1015
1016
1017
1018
1019
1020
1021
1022
1023
1024
1025
1026
1027
1028
1029
1030
1031
1032
1033
1034
1035
1036
1037
1038
1039
1040
1041
1042
1043
1044
1045
1046
1047
1048
1049
1050
1051
1052
1053
1054
1055
1056
1057
1058
1059
1060
1061
1062
1063
1064
1065
1066
1067
1068
1069
1070
1071
1072
1073
1074
1075
1076
1077
1078
1079
1080
1081
1082
1083
1084
1085
1086
1087
1088
1089
1090
1091
1092
1093
1094
1095
1096
1097
1098
1099
1100
1101
1102
1103
1104
1105
1106
1107
1108
1109
1110
1111
1112
1113
1114
1115
1116
1117
1118
1119
1120
1121
1122
1123
1124
1125
1126
1127
1128
1129
1130
1131
1132
1133
1134
1135
1136
1137
1138
1139
1140
1141
1142
1143
1144
1145
1146
1147
1148
1149
1150
1151
1152
1153
1154
1155
1156
1157
1158
1159
1160
1161
1162
1163
1164
1165
1166
1167
1168
1169
1170
1171
1172
1173
1174
1175
1176
1177
1178
1179
1180
1181
1182
1183
1184
1185
1186
1187
1188
1189
1190
1191
1192
1193
1194
1195
1196
1197
1198
1199
1200
1201
1202
1203
1204
1205
1206
1207
1208
1209
1210
1211
1212
1213
1214
1215
1216
1217
1218
1219
1220
1221
1222
1223
1224
1225
1226
1227
1228
1229
1230
1231
1232
1233
1234
1235
1236
1237
1238
1239
1240
1241
1242
1243
1244
1245
1246
1247
1248
1249
1250
1251
1252
1253
1254
1255
1256
1257
1258
1259
1260
1261
1262
1263
1264
1265
1266
1267
1268
1269
1270
1271
1272
1273
1274
1275
1276
1277
1278
1279
1280
1281
1282
1283
1284
1285
1286
1287
1288
1289
1290
1291
1292
1293
1294
1295
1296
1297
1298
1299
1300
1301
1302
1303
1304
1305
1306
1307
1308
1309
1310
1311
1312
1313
1314
1315
1316
1317
1318
1319
1320
1321
1322
1323
1324
1325
1326
1327
1328
1329
1330
1331
1332
1333
1334
1335
1336
1337
1338
1339
1340
1341
1342
1343
1344
1345
1346
1347
1348
1349
1350
1351
1352
1353
1354
1355
1356
1357
1358
1359
1360
1361
1362
1363
1364
1365
1366
1367
1368
1369
1370
1371
1372
1373
1374
1375
1376
1377
1378
1379
1380
1381
1382
1383
1384
1385
1386
1387
1388
1389
1390
1391
1392
1393
1394
1395
1396
1397
1398
1399
1400
1401
1402
1403
1404
1405
1406
1407
1408
1409
1410
1411
1412
1413
1414
1415
1416
1417
1418
1419
1420
1421
1422
1423
1424
1425
1426
1427
1428
1429
1430
1431
1432
1433
1434
1435
1436
1437
1438
1439
1440
1441
1442
1443
1444
1445
1446
1447
1448
1449
1450
1451
1452
1453
1454
1455
1456
1457
1458
1459
1460
1461
1462
1463
1464
1465
1466
1467
1468
1469
1470
1471
1472
1473
1474
1475
1476
1477
1478
1479
1480
1481
1482
1483
1484
1485
1486
1487
1488
1489
1490
1491
1492
1493
1494
1495
1496
1497
1498
1499
1500
1501
1502
1503
1504
1505
1506
1507
1508
1509
1510
1511
1512
1513
1514
1515
1516
1517
1518
1519
1520
1521
1522
1523
1524
1525
1526
1527
1528
1529
1530
1531
1532
1533
1534
1535
1536
1537
1538
1539
1540
1541
1542
1543
1544
1545
1546
1547
1548
1549
1550
1551
1552
1553
1554
1555
1556
1557
1558
1559
1560
1561
1562
1563
1564
1565
1566
1567
1568
1569
1570
1571
1572
1573
1574
1575
1576
1577
1578
1579
1580
1581
1582
1583
1584
1585
1586
1587
1588
1589
1590
1591
1592
1593
1594
1595
1596
1597
1598
1599
1600
1601
1602
1603
1604
1605
1606
1607
1608
1609
1610
1611
1612
1613
1614
1615
1616
1617
1618
1619
1620
1621
1622
1623
1624
1625
1626
1627
1628
1629
1630
1631
1632
1633
1634
1635
1636
1637
1638
1639
1640
1641
1642
1643
1644
1645
1646
1647
1648
1649
1650
1651
1652
1653
1654
1655
1656
1657
1658
1659
1660
1661
1662
1663
1664
1665
1666
1667
1668
1669
1670
1671
1672
1673
1674
1675
1676
1677
1678
1679
1680
1681
1682
1683
1684
1685
1686
1687
1688
1689
1690
1691
1692
1693
1694
1695
1696
1697
1698
1699
1700
1701
1702
1703
1704
1705
1706
1707
1708
1709
1710
1711
1712
1713
1714
1715
1716
1717
1718
1719
1720
1721
1722
1723
1724
1725
1726
1727
1728
1729
1730
1731
1732
1733
1734
1735
1736
1737
1738
1739
1740
1741
1742
1743
1744
1745
1746
1747
1748
1749
1750
1751
1752
1753
1754
1755
1756
1757
1758
1759
1760
1761
1762
1763
1764
1765
1766
1767
1768
1769
1770
1771
1772
1773
1774
1775
1776
1777
1778
1779
1780
1781
1782
1783
1784
1785
1786
1787
1788
1789
1790
1791
1792
1793
1794
1795
1796
1797
1798
1799
1800
1801
1802
1803
1804
1805
1806
1807
1808
1809
1810
1811
1812
1813
1814
1815
1816
1817
1818
1819
1820
1821
1822
1823
1824
1825
1826
1827
1828
1829
1830
1831
1832
1833
1834
1835
1836
1837
1838
1839
1840
1841
1842
1843
1844
1845
1846
1847
1848
1849
1850
1851
1852
1853
1854
1855
1856
1857
1858
1859
1860
1861
1862
1863
1864
1865
1866
1867
1868
1869
1870
1871
1872
1873
1874
1875
1876
1877
1878
1879
1880
1881
1882
1883
1884
1885
1886
1887
1888
1889
1890
1891
1892
1893
1894
1895
1896
1897
1898
1899
1900
1901
1902
1903
1904
1905
1906
1907
1908
1909
1910
1911
1912
1913
1914
1915
1916
1917
1918
1919
1920
1921
1922
1923
1924
1925
1926
1927
1928
1929
1930
1931
1932
1933
1934
1935
1936
1937
1938
1939
1940
1941
1942
1943
1944
1945
1946
1947
1948
1949
1950
1951
1952
1953
1954
1955
1956
1957
1958
1959
1960
1961
1962
1963
1964
1965
1966
1967
1968
1969
1970
1971
1972
1973
1974
1975
1976
1977
1978
1979
1980
1981
1982
1983
1984
1985
1986
1987
1988
1989
1990
1991
1992
1993
1994
1995
1996
1997
1998
1999
2000
2001
2002
2003
2004
2005
2006
2007
2008
2009
2010
2011
2012
2013
2014
2015
2016
2017
2018
2019
2020
2021
2022
2023
2024
2025
2026
2027
2028
2029
2030
2031
2032
2033
2034
2035
2036
2037
2038
2039
2040
2041
2042
2043
2044
2045
2046
2047
2048
2049
2050
2051
2052
2053
2054
2055
2056
2057
2058
2059
2060
2061
2062
2063
2064
2065
2066
2067
2068
2069
2070
2071
2072
2073
2074
2075
2076
2077
2078
2079
2080
2081
2082
2083
2084
2085
2086
2087
2088
2089
2090
2091
2092
2093
2094
2095
2096
2097
2098
2099
2100
2101
2102
2103
2104
2105
2106
2107
2108
2109
2110
2111
2112
2113
2114
2115
2116
2117
2118
2119
2120
2121
2122
2123
2124
2125
2126
2127
2128
2129
2130
2131
2132
2133
2134
2135
2136
2137
2138
2139
2140
2141
2142
2143
2144
2145
2146
2147
2148
2149
2150
2151
2152
2153
2154
2155
2156
2157
2158
2159
2160
2161
2162
2163
2164
2165
2166
2167
2168
2169
2170
2171
2172
2173
2174
2175
2176
2177
2178
2179
2180
2181
2182
2183
2184
2185
2186
2187
2188
2189
2190
2191
2192
2193
2194
2195
2196
2197
2198
2199
2200
2201
2202
2203
2204
2205
2206
2207
2208
2209
2210
2211
2212
2213
2214
2215
2216
2217
2218
2219
2220
2221
2222
2223
2224
2225
2226
2227
2228
2229
2230
2231
2232
2233
2234
2235
2236
2237
2238
2239
2240
2241
2242
2243
2244
2245
2246
2247
2248
2249
2250
2251
2252
2253
2254
2255
2256
2257
2258
2259
2260
2261
2262
2263
2264
2265
2266
2267
2268
2269
2270
2271
2272
2273
2274
2275
2276
2277
2278
2279
2280
2281
2282
2283
2284
2285
2286
2287
2288
2289
2290
2291
2292
2293
2294
2295
2296
2297
2298
2299
2300
2301
2302
2303
2304
2305
2306
2307
2308
2309
2310
2311
2312
2313
2314
2315
2316
2317
2318
2319
2320
2321
2322
2323
2324
2325
2326
2327
2328
2329
2330
2331
2332
2333
2334
2335
2336
2337
2338
2339
2340
2341
2342
2343
2344
2345
2346
2347
2348
2349
2350
2351
2352
2353
2354
2355
2356
2357
2358
2359
2360
2361
2362
2363
2364
2365
2366
2367
2368
2369
2370
2371
2372
2373
2374
2375
2376
2377
2378
2379
2380
2381
2382
2383
2384
2385
2386
2387
2388
2389
2390
2391
2392
2393
2394
2395
2396
2397
2398
2399
2400
2401
2402
2403
2404
2405
2406
2407
2408
2409
2410
2411
2412
2413
2414
2415
2416
2417
2418
2419
2420
2421
2422
2423
2424
2425
2426
2427
2428
2429
2430
2431
2432
2433
2434
2435
2436
2437
2438
2439
2440
2441
2442
2443
2444
2445
2446
2447
2448
2449
2450
2451
2452
2453
2454
2455
2456
2457
2458
2459
2460
2461
2462
2463
2464
2465
2466
2467
2468
2469
2470
2471
2472
2473
2474
2475
2476
2477
2478
2479
2480
2481
2482
2483
2484
2485
2486
2487
2488
2489
2490
2491
2492
2493
2494
2495
2496
2497
2498
2499
2500
2501
2502
2503
2504
2505
2506
2507
2508
2509
2510
2511
2512
2513
2514
2515
2516
2517
2518
2519
2520
2521
2522
2523
2524
2525
2526
2527
2528
2529
2530
2531
2532
2533
2534
2535
2536
2537
2538
2539
2540
2541
2542
2543
2544
2545
2546
2547
2548
2549
2550
2551
2552
2553
2554
2555
2556
2557
2558
2559
2560
2561
2562
2563
2564
2565
2566
2567
2568
2569
2570
2571
2572
2573
2574
2575
2576
2577
2578
2579
2580
2581
2582
2583
2584
2585
2586
2587
2588
2589
2590
2591
2592
2593
2594
2595
2596
2597
2598
2599
2600
2601
2602
2603
2604
2605
2606
2607
2608
2609
2610
2611
2612
2613
2614
2615
2616
2617
2618
2619
2620
2621
2622
2623
2624
2625
2626
2627
2628
2629
2630
2631
2632
2633
2634
2635
2636
2637
2638
2639
2640
2641
2642
2643
2644
2645
2646
2647
2648
2649
2650
2651
2652
2653
2654
2655
2656
2657
2658
2659
2660
2661
2662
2663
2664
2665
2666
2667
2668
2669
2670
2671
2672
2673
2674
2675
2676
2677
2678
2679
2680
2681
2682
2683
2684
2685
2686
2687
2688
2689
2690
2691
2692
2693
2694
2695
2696
2697
2698
2699
2700
2701
2702
2703
2704
2705
2706
2707
2708
2709
2710
2711
2712
2713
2714
2715
2716
2717
2718
2719
2720
2721
2722
2723
2724
2725
2726
2727
2728
2729
2730
2731
2732
2733
2734
2735
2736
2737
2738
2739
2740
2741
2742
2743
2744
2745
2746
2747
2748
2749
2750
2751
2752
2753
2754
2755
2756
2757
2758
2759
2760
2761
2762
2763
2764
2765
2766
2767
2768
2769
2770
2771
2772
2773
2774
2775
2776
2777
2778
2779
2780
2781
2782
2783
2784
2785
2786
2787
2788
2789
2790
2791
2792
2793
2794
2795
2796
2797
2798
2799
2800
2801
2802
2803
2804
2805
2806
2807
2808
2809
2810
2811
2812
2813
2814
2815
2816
2817
2818
2819
2820
2821
2822
2823
2824
2825
2826
2827
2828
2829
2830
2831
2832
2833
2834
2835
2836
2837
2838
2839
2840
2841
2842
2843
2844
2845
2846
2847
2848
2849
2850
2851
2852
2853
2854
2855
2856
2857
2858
2859
2860
2861
2862
2863
2864
2865
2866
2867
2868
2869
2870
2871
2872
2873
2874
2875
2876
2877
2878
2879
2880
2881
2882
2883
2884
2885
2886
2887
2888
2889
2890
2891
2892
2893
2894
2895
2896
2897
2898
2899
2900
2901
2902
2903
2904
2905
2906
2907
2908
2909
2910
2911
2912
2913
2914
2915
2916
2917
2918
2919
2920
2921
2922
2923
2924
2925
2926
2927
2928
2929
2930
2931
2932
2933
2934
2935
2936
2937
2938
2939
2940
2941
2942
2943
2944
2945
2946
2947
2948
2949
2950
2951
2952
2953
2954
2955
2956
2957
2958
2959
2960
2961
2962
2963
2964
2965
2966
2967
2968
2969
2970
2971
2972
2973
2974
2975
2976
2977
2978
2979
2980
2981
2982
2983
2984
2985
2986
2987
2988
2989
2990
2991
2992
2993
2994
2995
2996
2997
2998
2999
3000
3001
3002
3003
3004
3005
3006
3007
3008
3009
3010
3011
3012
3013
3014
3015
3016
3017
3018
3019
3020
3021
3022
3023
3024
3025
3026
3027
3028
3029
3030
3031
3032
3033
3034
3035
3036
3037
3038
3039
3040
3041
3042
3043
3044
3045
3046
3047
3048
3049
3050
3051
3052
3053
3054
3055
3056
3057
3058
3059
3060
3061
3062
3063
3064
3065
3066
3067
3068
3069
3070
3071
3072
3073
3074
3075
3076
3077
3078
3079
3080
3081
3082
3083
3084
3085
3086
3087
3088
3089
3090
3091
3092
3093
3094
3095
3096
3097
3098
3099
3100
3101
3102
3103
3104
3105
3106
3107
3108
3109
3110
3111
3112
3113
3114
3115
3116
3117
3118
3119
3120
3121
3122
3123
3124
3125
3126
3127
3128
3129
3130
3131
3132
3133
3134
3135
3136
3137
3138
3139
3140
3141
3142
3143
3144
3145
3146
3147
3148
3149
3150
3151
3152
3153
3154
3155
3156
3157
3158
3159
3160
3161
3162
3163
3164
3165
3166
3167
3168
3169
3170
3171
3172
3173
3174
3175
3176
3177
3178
3179
3180
3181
3182
3183
3184
3185
3186
3187
3188
3189
3190
3191
3192
3193
3194
3195
3196
3197
3198
3199
3200
3201
3202
3203
3204
3205
3206
3207
3208
3209
3210
3211
3212
3213
3214
3215
3216
3217
3218
3219
3220
3221
3222
3223
3224
3225
3226
3227
3228
3229
3230
3231
3232
3233
3234
3235
3236
3237
3238
3239
3240
3241
3242
3243
3244
3245
3246
3247
3248
3249
3250
3251
3252
3253
3254
3255
3256
3257
3258
3259
3260
3261
3262
3263
3264
3265
3266
3267
3268
3269
3270
3271
3272
3273
3274
3275
3276
3277
3278
3279
3280
3281
3282
3283
3284
3285
3286
3287
3288
3289
3290
3291
3292
3293
3294
3295
3296
3297
3298
3299
3300
3301
3302
3303
3304
3305
3306
3307
3308
3309
3310
3311
3312
3313
3314
3315
3316
3317
3318
3319
3320
3321
3322
3323
3324
3325
3326
3327
3328
3329
3330
3331
3332
3333
3334
3335
3336
3337
3338
3339
3340
3341
3342
3343
3344
3345
3346
3347
3348
3349
3350
3351
3352
3353
3354
3355
3356
3357
3358
3359
3360
3361
3362
3363
3364
3365
3366
3367
3368
3369
3370
3371
3372
3373
3374
3375
3376
3377
3378
3379
3380
3381
3382
3383
3384
3385
3386
3387
3388
3389
3390
3391
3392
3393
3394
3395
3396
3397
3398
3399
3400
3401
3402
3403
3404
3405
3406
3407
3408
3409
3410
3411
3412
3413
3414
3415
3416
3417
3418
3419
3420
3421
3422
3423
3424
3425
3426
3427
3428
3429
3430
3431
3432
3433
3434
3435
3436
3437
3438
3439
3440
3441
3442
3443
3444
3445
3446
3447
3448
3449
3450
3451
3452
3453
3454
3455
3456
3457
3458
3459
3460
3461
3462
3463
3464
3465
3466
3467
3468
3469
3470
3471
3472
3473
3474
3475
3476
3477
3478
3479
3480
3481
3482
3483
3484
3485
3486
3487
3488
3489
3490
3491
3492
3493
3494
3495
3496
3497
3498
3499
3500
3501
3502
3503
3504
3505
3506
3507
3508
3509
3510
3511
3512
3513
3514
3515
3516
3517
3518
3519
3520
3521
3522
3523
3524
3525
3526
3527
3528
3529
3530
3531
3532
3533
3534
3535
3536
3537
3538
3539
3540
3541
3542
3543
3544
3545
3546
3547
3548
3549
3550
3551
3552
3553
3554
3555
3556
3557
3558
3559
3560
3561
3562
3563
3564
3565
3566
3567
3568
3569
3570
3571
3572
3573
3574
3575
3576
3577
3578
3579
3580
3581
3582
3583
3584
3585
3586
3587
3588
3589
3590
3591
3592
3593
3594
3595
3596
3597
3598
3599
3600
3601
3602
3603
3604
3605
3606
3607
3608
0.4316257719454214 0.3442120773921926 0
0.5801232433397029 0.06627633120922882 0
0.7507721484964059 0.3536547867418405 0
0.908804547956495 0.06799570366971747 0
1.702671644986936 0.05949325824447024 0
1.925078771865026 0.3421397908351411 0
1.377091815340175 0.3430992798694266 0
1.140859857682456 0.3311053977713021 0
1.532142857142857 0.3419551468455084 0
0.2751135197771497 0.1689894877621136 0
2.144557518016853 0.1699705748393802 0
0.4331975622112674 0.05684627000620315 0
0.2774309715401257 0.2323263349363024 0
0.9821428571428568 0.3419551468455084 0
1.771596463325813 0.343980392251971 0
1.215040974165845 0.06941669252777741 0
1.847234526585529 0.06927650732952553 0
1.060714285714286 0.0680448531544916 0
1.451208012160034 0.06765527534531818 0
0.5849653912344526 0.3318350015074087 0
0.7448916090937663 0.08047873119892834 0
2.00337477268386 0.06982470320126186 0
0.126146185482893 0.232379702716752 0
0.2566303363546303 0.2736083932602329 0
0.3000723199790837 0.2675383006476839 0
0.1248263666186669 0.1691639598694171 0
0.1686717132670482 0.2761024626006075 0
0.2603638462744924 0.1323849990157945 0
0.3060040486882452 0.1365468233586832 0
0.1382016860840531 0.1304303853271234 0
2.078456013247711 0.3406661066157864 0
0.3198324243345074 0.1817735669064512 0
0.06559370598392111 0.3068400644763472 0
0.3564558842958849 0.1446687158730799 0
0.3747774735558089 0.1976900886502362 0
0.09405458919809373 0.1353388987114311 0
0.2847444464898787 0.3119963849392706 0
0.2276247449311646 0.3163563616821021 0
0.3403140471968201 0.2973648456583944 0
0.4156207952888235 0.1572610068870401 0
0.4342781489544637 0.2159570168696885 0
0.4805076265970026 0.1727145539948601 0
0.5017709880210738 0.2320714390996476 0
0.550316594950272 0.186806604665905 0
0.1976320748572874 0.05704724198389391 0
0.05554669077965291 0.2442485033821836 0
0.3277857933420876 0.08547071832114772 0
0.1053899868942998 0.08970497666992683 0
0.2656332691139206 0.05897240933883402 0
0.5716314605336512 0.2518021238323848 0
0.6235871709600989 0.2012736547954712 0
0.6437036591229717 0.2721754316984627 0
0.6971538885702135 0.216156788866293 0
0.6794113218115464 0.1434291899876643 0
0.7523931740695597 0.1609497604024976 0
0.7746222614069758 0.2352644056474738 0
0.8276278394509833 0.1827165256540912 0
0.8523199170048493 0.2542090216627233 0
0.9044205903438667 0.1997269490541063 0
0.07681494464199545 0.1871925876392126 0
0.9320791805137542 0.282005595696017 0
0.9810158551276384 0.2156243303854607 0
0.9485492180493094 0.1402636384116482 0
1.034461548031461 0.1453694016719022 0
1.057838729232255 0.2310665415245059 0
1.112341334097122 0.1772232955075439 0
1.133749970539527 0.2523111755484773 0
1.18995217190055 0.1968288757278676 0
1.208461058356626 0.2709369129159176 0
1.264412137396667 0.2139601552141918 0
1.283749479293483 0.2874711630148769 0
1.337287292515664 0.2290474983670619 0
1.318077175311189 0.1565086657605756 0
1.393508063866566 0.1770063415780722 0
1.410216450406433 0.2634245668585797 0
1.469168315789494 0.198379450757254 0
1.379825094268578 0.1096236787534073 0
0.5028976449155724 0.0613870987088885 0
0.5021108478761269 0.3437981853461783 0
1.497330646585906 0.2729926870005753 0
1.547505970819176 0.2116950981961098 0
1.515942710249744 0.1292278625481046 0
1.596988281900098 0.1544189227970569 0
1.623906621192614 0.2300363824366894 0
1.673753916663845 0.1756063011422524 0
1.691102749471814 0.25584266749389 0
1.758520298495819 0.2086165233815267 0
1.636721978103907 0.292799040966244 0
0.3867193319270041 0.2542373510028456 0
0.8691903902561736 0.3290857809653009 0
2.002970083233075 0.3421616872927165 0
1.964303610426728 0.2747024902028984 0
1.886179359242693 0.2742321631714614 0
1.925668289325797 0.2072096550121818 0
2.003219694570707 0.2086594985364951 0
1.846230865333321 0.2069016190567834 0
1.96451587801036 0.1399332835269293 0
2.03819082176109 0.1402890471450833 0
2.084779403157385 0.07092121441203253 0
2.041428819306288 0.2757202404870037 0
2.118976745461417 0.2753400876359353 0
1.925569335614715 0.07076033057167741 0
1.581558871895467 0.07441512100414052 0
1.303497222116436 0.0739564979862414 0
1.808068916008081 0.2738805601351715 0
2.083372443811814 0.2070062307920668 0
0.8308125040772434 0.0676247395176576 0
1.055949071187542 0.3431317901552542 0
1.453987437769705 0.3402452800956817 0
1.138791577630306 0.06569220360025693 0
1.770121201888943 0.06617964613234531 0
0.120353018041753 0.3510776955168157 0
1.847296775549793 0.3423721510656241 0
1.807852837563092 0.1365832748976366 0
1.886178622072136 0.1384441117324557 0
0.6592447364976479 0.06984475312159219 0
0.9821428571428575 0.0666504027710641 0
1.244426038514301 0.1396288948615222 0
0.05133331781753614 0.1004725216275436 0
0.6711870134959801 0.3435627417639997 0
0.0991366684210595 0.271013577727551 0
0.4506484294620469 0.2791485564903494 0
1.222795101643926 0.344893137140487 0
2.145851415444501 0.1049544232982158 0
0.1964659500794179 0.360154686050298 0
1.572192056857572 0.2824258599326035 0
0.6019305652883666 0.1334026170429807 0
1.72962019928424 0.1262746487852185 0
0.8000681243901451 0.3047782896041752 0
1.166758682718021 0.1274713157932282 0
0.8702570403188563 0.1304490271467253 0
0.263830110324363 0.3610345126940497 0
1.689157746753989 0.3352691649883618 0
0.7229178492471153 0.2875987407203741 0
0.1305701791277927 0.3010291060222854 0
1.01298487180079 0.2820846200025214 0
0.3729322710717067 0.353133134474782 0
0.3257968403600282 0.2329900696859876 0
0.3152213178736963 0.3467057755532993 0
1.300123443218869 0.351514037291804 0
1.600388298118683 0.348499045611094 0
1.441930439266883 0.1363785217964313 0
0.526911977052834 0.125704266783826 0
2.141045048310558 0.3310333823297551 0
1.517684213572521 0.05969715139704085 0
0.3941843361199932 0.1023152291790401 0
0.04772882828296243 0.1456834962085377 0
0.2049268894424758 0.2878521613174636 0
0.05124151660793785 0.3620862435551661 0
2.149381341458017 0.2261300453201431 0
0.4578568549237433 0.1152990012397177 0
1.65049233391227 0.099733398363271 0
1.1 0.1160379325344009 0
0.8013275420352397 0.1243666065731312 0
0.5239969231862698 0.2875934766871193 0
0.1579876501724855 0.09193595830971631 0
0.1972656279395351 0.1095728226273839 0
0.3752618371864558 0.05164330478204379 0
1.746820315754619 0.2842534906180335 0
2.099350320438329 0.1386282980973557 0
0.1340231138865681 0.2659768861134323 0
1.084988791549064 0.2871607626720591 0
0.8209861749670053 0.3637110856313238 0
0.05770252449475555 0.04825051888890838 0
2.150411878006091 0.04884179420871634 0
1.345529581690605 0.290820639615763 0
0.1293361064723226 0.04715633046513126 0
0.1726404284240088 0.1339481512405222 0
0.289634751202362 0.203215891858171 0
0.2253743488729525 0.1296292743086072 0
0.2386137735056908 0.09780031345546653 0
0.1135148069674131 0.2025436897723339 0
0.09296176749714768 0.2264774940729442 0
0.9234979839581463 0.3545685836825537 0
1.375972482504597 0.04627222681364704 0
0.2796801461848872 0.1022350526979852 0
0.1741306843220845 0.3124595464088207 0
0.3964479703205998 0.3056191930037128 0
0.2967095312280041 0.07222156382999087 0
0.2899594916998174 0.02948620466941701 0
0.3210357538139008 0.04273535916057386 0
1.650246166956135 0.0498666991816355 0
1.616025602903868 0.08707425968370576 0
1.615779435947734 0.03720756050207026 0
1.008302202587159 0.1060099022214832 0
1.021428571428572 0.06734762796277785 0
1.047587916872873 0.1067071274131969 0
0.03840747232099773 0.1960962938196063 0
0.06618081771082418 0.2157205455106981 0
0.02777334538982645 0.2246242516910918 0
2.131236809869565 0.3705166911648775 0
2.170522524155279 0.3705166911648775 0
0.3129345801695559 0.2502641851668357 0
0.3330554437784242 0.265177457672191 0
0.3201931835879519 0.2824515731530391 0
1.432101944088069 0.3018349234771307 0
1.41553962655494 0.3416722799825542 0
1.393654132873304 0.3032619233640031 0
0.09351931548353908 0.04770342467701982 0
0.1173630466833112 0.06843065356752905 0
0.08154625569452767 0.06897774777941761 0
0.2307786128985531 0.2807302772888483 0
0.2201411142509016 0.2616037501883955 0
0.2459928377069788 0.2544818661597801 0
0.748642391581663 0.120714245800713 0
0.715902247940553 0.1521894751950809 0
0.7121514654526564 0.1119539605932963 0
0.1148534237744261 0.2860213418749182 0
0.09808194255585691 0.3039345852493163 0
0.08236518720249031 0.2889268211019491 0
1.57649372166202 0.03720756050207026 0
0.9653460375960834 0.1034570205913562 0
0.9915053830403852 0.1428165200417752 0
0.02386441414148122 0.1753417481042688 0
0.06227188646247894 0.1664380419238752 0
1.827149890670701 0.2403910895959774 0
1.78329460725195 0.2412485417583491 0
1.80237558191457 0.207759071219155 0
1.171105514448076 0.2616240442321974 0
1.174660458019541 0.3010211553436098 0
1.137304914110992 0.2917082866598897 0
1.676581989449603 0.07961332830387062 0
1.676335822493468 0.02974662912223512 0
0.6693280291545971 0.1066369715546282 0
0.7020681727957071 0.07516174216026027 0
0.3562580861435162 0.2436137103444166 0
0.3635166895619121 0.27580109833062 0
1.625194149059341 0.379249522805547 0
1.644773022436336 0.3418841052997279 0
1.669578873376995 0.3726345824941809 0
0.3447737757360849 0.0258216523910219 0
0.3515238152642717 0.06855701155159576 0
1.618555138111295 0.320649043288669 0
1.662939862428948 0.3140341029773029 0
0.3037329697634874 0.09385288550956647 0
0.2726567076494039 0.08060373101840962 0
0.2835328613712438 0.2177711133972367 0
0.3077157957811951 0.2181029807720793 0
0.301613905950077 0.232658202311145 0
1.475659042177806 0.3066189835481285 0
1.453773548496169 0.2682086269295775 0
0.2457274276277638 0.3386954371880759 0
0.2301480302018905 0.3605945993721739 0
0.2120453475052912 0.3382555238662001 0
1.215628080000276 0.3079150250282023 0
1.181827479663191 0.3379992674558946 0
1.77744461588135 0.2790670253766025 0
1.752670307125219 0.2464350069997801 0
0.1254615985847728 0.3260534007695506 0
0.09297336201283705 0.3289588799965815 0
0.7614929868186302 0.2961885151622746 0
0.7487700553270455 0.261431573183924 0
0.7873451928985604 0.2700213476258245 0
1.36131069851539 0.3169599597425948 0
1.377873016048519 0.2771226032371713 0
1.319605753915361 0.0369782489931207 0
1.280320039629647 0.0369782489931207 0
0.6076675598283114 0.2619887777654237 0
0.6143345251787121 0.3020052166029357 0
0.5782984258840519 0.2918185626698968 0
1.690130248112902 0.2955559162411259 0
1.663912363787861 0.274320854230067 0
0.6406709435499565 0.1384159035153225 0
0.6305876508930073 0.1016236850822864 0
1.718961532613216 0.2700480790559617 0
1.717989031254304 0.3097613278031977 0
1.478936574758313 0.1328031921722679 0
1.446569225713458 0.1020168985708747 0
1.483575361204889 0.09844156894671138 0
1.484446112866277 0.06367621337117951 0
1.516813461911132 0.09446250697257272 0
0.05451792115614584 0.07436152025822598 0
0.07836165235591797 0.09508874914873522 0
0.1039537675218756 0.02357816523256563 0
0.06813697653309204 0.02412525944445419 0
0.7368449988717607 0.3206267637311073 0
0.7754201364432756 0.3292165381730078 0
0.2166731802857865 0.02852362099194695 0
0.1773874660000723 0.02852362099194695 0
1.783186568029456 0.1725998991395817 0
1.827041851448207 0.17174244697721 0
0.5910269043140348 0.09983947412610476 0
0.6196839899186755 0.06806054216541051 0
0.2887516457596047 0.2499323177919932 0
2.170522524155279 0.3021833578315443 0
2.130010896885987 0.3031867349828452 0
2.159488372730709 0.2743367104846344 0
1.662123125288058 0.1376698497527617 0
1.690056266598255 0.1130040235742447 0
1.701687057974043 0.1509404749637354 0
0.02777334538982645 0.2587909183577585 0
0.06057019838178701 0.2755442839292654 0
0.03279685299196056 0.2900866989048403 0
0.4411371007037341 0.311680316941271 0
0.4763796386690869 0.3114733709182639 0
0.4668683099107742 0.3440051313691854 0
0.2506737774141031 0.02948620466941701 0
0.231632671985604 0.05800982566136396 0
1.259269098141141 0.07168659525700941 0
1.236091915654352 0.0347083462638887 0
2.103103987292978 0.03546060720601626 0
2.063818273007264 0.03546060720601626 0
0.9454737025496762 0.06732305322039078 0
0.9286768830029022 0.1041296710406828 0
0.249772198019324 0.3855172563470248 0
0.2160901178968515 0.385077343025149 0
2.020782797222475 0.1050568751731726 0
2.001353349885725 0.1401111653360063 0
1.98394532534711 0.1048789933640956 0
2.060781632786452 0.173647638968575 0
2.043296069191261 0.2078328646642809 0
2.020705258165898 0.1744742728407892 0
0.5544811572103612 0.309714239097264 0
0.5478141918599605 0.2696978002597521 0
0.4871631081720719 0.03069354935444425 0
0.4680476035634199 0.05911668435754583 0
0.4523130668199193 0.02842313500310158 0
1.716145922135588 0.09288395351484437 0
0.6574453363094759 0.3078690867312312 0
0.6280762023652163 0.3376988716357042 0
0.03279685299196056 0.324253365571507 0
2.170522524155279 0.3363500244982109 0
1.080357142857143 0.09204139284444625 0
1.067230774015731 0.1307036671031516 0
0.08488835606957157 0.2068350408560784 0
0.0742542291384003 0.2353629987275639 0
1.944927524950215 0.03538016528583871 0
1.905641810664501 0.03538016528583871 0
1.355843384109441 0.02313611340682352 0
1.339734852310516 0.06011436239994422 0
1.253272290468705 0.316182150077682 0
1.246105268825054 0.2792040379653973 0
2.044077087920622 0.07037295880664719 0
2.061485112459238 0.1056051307785579 0
1.493065147456281 0.341100213470595 0
1.514736751864382 0.3074739169230418 0
1.724811523983817 0.2322295954377084 0
0.9094031291840828 0.1353563327791867 0
0.8895307941376757 0.09922236540822138 0
0.773109575564503 0.1024226688860298 0
0.7768603580523997 0.1426581834878144 0
2.023115957770502 0.03491235160063093 0
1.945042606812537 0.1053468070493034 0
1.964472054149287 0.07029251688646963 0
1.983830243484788 0.03491235160063093 0
0.4122414574012818 0.3771060386960963 0
0.4515271716869962 0.3771060386960963 0
1.886401931100122 0.07001841895060147 0
1.866474406149908 0.03463825366476277 0
0.4873226763241584 0.2833710165887344 0
0.5130538855311984 0.3156958310166488 0
0.5260554239380631 0.3768990926730891 0
0.5435381195552897 0.3378165934267935 0
0.567482695617226 0.3709175007537043 0
0.4130273525342051 0.02842313500310158 0
2.022324256938497 0.2421898695117494 0
2.002866214866508 0.2752113653449511 0
1.983761652498717 0.2416809943696968 0
0.5535176101962684 0.09599029899652742 0
0.5149048109842032 0.09354568274635726 0
0.5415104441276377 0.06383171495905866 0
0.486769709652349 0.3768990926730891 0
2.080202782383853 0.2755301640614695 0
2.098716379354564 0.3080030971258608 0
2.059942416276999 0.3081931735513951 0
1.905873978843426 0.1046022211520665 0
1.866706574328832 0.1038603095309906 0
0.07734167960035621 0.2576310405548673 0
2.062400631559051 0.2413632356395353 0
0.02566665890876807 0.08440292748043846 0
0.02566665890876807 0.1185695941471051 0
0.9725320261572721 0.2820451078492692 0
0.9975638644718234 0.3120198834240149 0
0.9571110188283054 0.3119803712707627 0
0.5644212711706003 0.1295534419134033 0
0.5264488224577861 0.03069354935444425 0
0.5650616216698514 0.03313816560461441 0
1.291936461256176 0.3194926001533405 0
1.261459272431398 0.3482035872161455 0
2.022913613045109 0.3760808436463582 0
2.040713048240393 0.3414138969542515 0
2.060656578052427 0.3753330533078932 0
2.022199451269682 0.3089409638898601 0
1.847015729817614 0.1375136933150461 0
1.827543682074311 0.1029298911135811 0
0.02386441414148122 0.1411750814376022 0
2.134179043459717 0.2507350664780392 0
2.174690670729008 0.2497316893267382 0
1.983636846829901 0.3084320887478075 0
1.788987019726017 0.101381460514991 0
1.808677864237236 0.06772807673093542 0
0.3047335877684347 0.1924947293823111 0
0.3228146323472678 0.2073818182962194 0
2.099942292338141 0.3753330533078932 0
0.08579726732484542 0.3565819695359909 0
0.05841761129592948 0.3344631540157567 0
1.964443991948252 0.2079345767743385 0
1.944985949876262 0.2409560726075401 0
0.2521235213098057 0.07838636139715027 0
0.2181229241814891 0.07742377771968022 0
1.983867786290533 0.1742963910317122 0
0.6831937968202525 0.0349223765607961 0
0.7260172331183117 0.04023936559946417 0
0.1768044036111373 0.385077343025149 0
0.9528204205505015 0.348261865264031 0
0.9277885822359502 0.3182870896892853 0
0.6043473359555657 0.03313816560461441 0
1.945092083668079 0.1735714692695556 0
1.41087776676773 0.1230011002749193 0
1.415516553214306 0.08863947704936273 0
1.983627898759395 0.3760808436463582 0
1.964024427549051 0.3421507390639288 0
1.944682243075371 0.3760698954175705 0
2.101174594636616 0.2411731592140011 0
1.944691191145877 0.3084211405190198 0
2.06877057109971 0.1394586726212195 0
2.091361382125072 0.1728172644447112 0
1.11292432461576 0.3091330802216806 0
1.109369381044295 0.2697359691102682 0
1.827682845778937 0.3081263556003978 0
1.809446619437803 0.3431762716587975 0
1.789832689666947 0.3089304761935713 0
1.905923824284245 0.2407209090918216 0
1.92524148483471 0.2744673266871799 0
0.7289575028196311 0.3818273933709202 0
0.7682432171053455 0.3818273933709202 0
0.6067684099029401 0.3709175007537043 0
1.866738067396243 0.3083021571185427 0
1.847124137625387 0.2740563616533164 0
1.88618777370741 0.3422559709503826 0
1.905629065553859 0.3081859770033012 0
0.8698085260168692 0.06781022159368753 0
0.8475491091814789 0.0338123697588288 0
0.8865451311211048 0.03399785183485873 0
0.8082633948957646 0.0338123697588288 0
0.7878520565855048 0.07405173535829297 0
0.765302947404026 0.04023936559946417 0
0.9258308454068191 0.03399785183485873 0
0.9624999999999996 0.3759775734227542 0
1.001785714285714 0.3759775734227542 0
1.077974535593771 0.3765658950776271 0
1.098404464434999 0.3371185939632781 0
1.120429928841228 0.370552698885651 0
1.019045964165199 0.3425434685003813 0
1.038688821308057 0.3765658950776271 0
1.176916275898075 0.06755444806401717 0
1.158681503100867 0.03284610180012847 0
1.196806201368637 0.0347083462638887 0
1.749346315230186 0.03308982306617266 0
1.736396423437939 0.06283645218840778 0
1.715621536779182 0.02974662912223512 0
1.788632029515901 0.03308982306617266 0
1.119395788815154 0.03284610180012847 0
1.473422290313424 0.3751226400478408 0
1.5125 0.3759775734227542 0
1.750083945948621 0.3769901961259855 0
1.789369660234335 0.3769901961259855 0
1.551785714285715 0.3759775734227542 0
1.43413657602771 0.3751226400478408 0
1.080357142857143 0.0340224265772458 0
1.041071428571429 0.0340224265772458 0
1.159715643126942 0.370552698885651 0
1.827188691864194 0.03463825366476277 0
1.099752931672296 0.06686852837737427 0
1.472032577508589 0.03382763767265909 0
1.432746863222874 0.03382763767265909 0
1.905396528789656 0.3760698954175705 0
1.356403050527231 0.3765496399347133 0
1.395688764812944 0.3765496399347133 0
1.630314299648261 0.2614177117014667 0
1.657504685332214 0.2429395249652897 0
1.610447451546356 0.1922276526168731 0
1.585706296005895 0.2208657403163996 0
1.572247126359637 0.1830570104965834 0
1.716137107579832 0.1921114122618895 0
1.68242833306783 0.2157244843180712 0
1.64883026892823 0.2028213417894709 0
1.635371099281972 0.1650126119696547 0
1.548750791072605 0.1018214917761226 0
1.589273576897782 0.1144170219005987 0
1.556465496074921 0.1418233926725808 0
1.53172434053446 0.1704614803721072 0
1.492555513019619 0.1638036566526793 0
1.508337143304335 0.2050372744766819 0
1.522418308702541 0.2423438925983425 0
1.4832494811877 0.2356860688789146 0
1.439692383097964 0.2309020088079168 0
1.310787198713812 0.1152325818734085 0
1.341661158192507 0.09179008836982436 0
1.348951134789883 0.1330661722569914 0
1.386666579067572 0.1433150101657397 0
1.355792619588878 0.1667575036693239 0
1.43133818982803 0.1876928961676631 0
1.4018622571365 0.2202154542183259 0
1.373751871461049 0.2462360326128208 0
1.365397678191115 0.2030269199725671 0
1.291244656353928 0.1852344104873837 0
1.327682233913427 0.1927780820638187 0
1.300849714956166 0.2215038267906269 0
1.310518385904573 0.2582593306909694 0
1.274080808345075 0.2507156591145344 0
1.236436597876647 0.2424485340650547 0
1.227182154648609 0.2053945154710297 0
1.199206615128588 0.2338828943218926 0
1.161851071220039 0.2245700256381725 0
1.151146752998836 0.1870260856177058 0
1.123045652318325 0.2147672355280106 0
1.095794349885891 0.2416888585364916 0
1.085090031664689 0.2041449185160249 0
0.09946222330659064 0.3805388477584078 0
0.1387479375923048 0.3805388477584078 0
1.073401441064291 0.1612963485897231 0
1.046150138631858 0.1882179715982041 0
1.019427292179947 0.2233454359549833 0
1.00773870157955 0.1804968660286815 0
1.866205112288007 0.2405668911141224 0
1.885949577329559 0.2070556370344826 0
0.926484904196588 0.1699952937328773 0
0.9647825365884739 0.1779439843985545 0
0.9427182227357526 0.2076756397197835 0
1.86650553063204 0.376186075532812 0
1.827219816346325 0.376186075532812 0
0.9006347853849639 0.305545688330659 0
0.8607551536305115 0.2916474013140121 0
0.8921995487593017 0.2681073086793702 0
0.9565475178206964 0.2488149630407389 0
0.9182498854288104 0.2408662723750616 0
0.8783702536743581 0.2269679853584148 0
0.866024214897425 0.1912217373540988 0
0.8399738782279162 0.2184627736584072 0
1.534761351721739 0.2777092734665894 0
1.552167457000214 0.312190503389056 0
0.8134710892059125 0.2447367136550986 0
0.8011250504289795 0.2089904656507825 0
0.7900105067602715 0.1718331430282944 0
0.7635077177382678 0.1981070830249857 0
0.8505347721980498 0.09903688333219145 0
1.768736518423666 0.1314289618414275 0
1.749870700586591 0.0962271474587819 0
1.377898788386587 0.07794795278352717 0
1.413590247332315 0.05696375107948261 0
0.7358880749885947 0.2257105972568834 0
0.7247735313198866 0.1885532746343953 0
1.925347250041248 0.1391886976296925 0
0.6514992463858227 0.1723514223915678 0
0.6882826051908799 0.1797929894269786 0
0.6603705297651562 0.2087152218308821 0
1.866204743702728 0.1726728653946195 0
1.905923455698967 0.1728268833723187 0
0.9625000000000004 0.03332520138553205 0
1.001785714285715 0.03332520138553205 0
0.1523504317249386 0.306744326215553 0
0.1472418511819187 0.3317686209628182 0
1.273961630315368 0.1067926964238818 0
1.229733506340073 0.1045227936946498 0
0.6439080825345382 0.0349223765607961 0
0.3436089926787101 0.381566567237391 0
0.3828947069644245 0.381566567237391 0
0.6891649353194182 0.3767813708819998 0
0.710979580996193 0.3486087642529201 0
0.6498792210337039 0.3767813708819998 0
1.217189105207425 0.1682288852946949 0
1.254419087955484 0.176794525037857 0
1.281251606912745 0.1480687803110489 0
0.6704287738465926 0.2441661102823778 0
0.6336454150415353 0.236724543246967 0
2.109750530779134 0.3358497444727707 0
0.4104987404407339 0.2350971839362671 0
0.3807484027414065 0.2259637198265409 0
0.4045278112551363 0.2068235527599623 0
1.200683265107677 0.3774465685702435 0
0.597609315746875 0.226537889313928 0
1.034466971494166 0.3126082050788878 0
2.172278759008426 0.1874852874196901 0
2.172278759008426 0.1533186207530234 0
0.4803772499196579 0.0883430499743031 0
0.4455272085675053 0.08607263562296043 0
0.3147535160797049 0.3783528877766497 0
0.3440767944727015 0.3499194550140406 0
0.163484090664805 0.05210178622451259 0
0.1432394818075899 0.02357816523256563 0
1.744070248890029 0.1674455860833726 0
1.559849013838374 0.2470604790643566 0
1.60445701748074 0.2876124504494237 0
1.598049339025093 0.2562311211846464 0
0.835792291177048 0.1274078168599282 0
0.8160700230562415 0.0959956730453944 0
0.2162758171868202 0.3021042614997829 0
0.2421275406428974 0.2949823774711675 0
1.139550008407571 0.1523473056503861 0
1.178355427309286 0.1621500957605479 0
0.3502871569579186 0.2153400791681119 0
0.5869518829551854 0.1940401297306881 0
0.5609740277419616 0.2193043642491449 0
2.135920224717331 0.02442089710435817 0
2.117595640581738 0.05988150431037444 0
2.121953919227591 0.1542994364683679 0
2.113964980914333 0.1884884028157235 0
1.239968979393391 0.3774465685702435 0
2.172925707722251 0.1208105449824412 0
2.172925707722251 0.08664387831577457 0
0.6127588681242327 0.167338135919226 0
0.5367012242773626 0.2419367814660162 0
0.5260437914856728 0.2094390218827763 0
0.8261940206974971 0.2794936556334492 0
0.8873388153313615 0.1650879881004158 0
0.09604921795910359 0.2487455359002476 0
0.1095539764900203 0.2294285983948481 0
0.1126414269519763 0.2516966402221515 0
1.048986831674927 0.2846226913372902 0
1.070468931368303 0.3151462764136567 0
1.708864587662709 0.3726345824941809 0
0.02562075830396892 0.386043121777583 0
0.06490647258968307 0.386043121777583 0
0.89634418710716 0.3418271823239273 0
0.8938918491219301 0.3822842918412768 0
0.8667380522709438 0.3695428904826504 0
0.5154121107736372 0.1797605793303826 0
0.4911393073090382 0.2023929965472538 0
0.9970003634642143 0.248854475193991 0
1.549621542733994 0.06705613620059069 0
1.544556392500547 0.02984857569852042 0
0.4680245684877687 0.224014227984668 0
0.4573928877757332 0.1943357854322743 0
1.317918864466578 0.380757018645902 0
1.338607629279522 0.3473066585806153 0
0.7100358689086644 0.2518777647933336 0
0.04953107305024929 0.1230780089180407 0
2.145204466730677 0.137462499068798 0
1.585908434773628 0.379249522805547 0
0.4424632892082553 0.247552786680019 0
0.4186838806945255 0.2666929537465975 0
1.455549377528188 0.1673789862768427 0
1.417719251566725 0.1566924316872518 0
1.505270678214833 0.02984857569852042 0
0.2637154857700629 0.2161631674681512 0
0.2563931552997266 0.2338408369978149 0
0.3840594900217993 0.0258216523910219 0
1.623740307906184 0.127076160580164 0
0.7858791617317056 0.3586829361865821 0
0.8033502303406452 0.3868555428156619 0
0.9331775634076444 0.3822842918412768 0
1.395129098395156 0.02313611340682352 0
1.341408437103135 0.2599340689914125 0
1.322826512454737 0.3211673384537835 0
0.448064210942913 0.1649877804409501 0
0.4249494721216436 0.1866090118783643 0
0.1584094840605854 0.3556161907835569 0
0.6970524313715477 0.3155807412421869 0
0.4762097087415603 0.2556099977949985 0
0.1453954232117828 0.2338675208880397 0
0.1380730927414465 0.216189851358376 0
2.175205939003046 0.02442089710435817 0
0.1852983172007512 0.3363071162295593 0
0.1374131833093334 0.1845819799347085 0
0.1447355137796698 0.1669043104050448 0
0.02562075830396892 0.3518764551109164 0
2.174690670729008 0.2155650226600715 0
1.106170667048561 0.1466306140209724 0
1.133379341359011 0.1217546241638146 0
1.278633150180863 0.380757018645902 0
0.2552344294182386 0.1668170743513931 0
0.2625567598885749 0.1844947438810568 0
0.3951991344223162 0.1774755477686382 0
0.2008777146266246 0.3144079540454614 0
0.1895287868822801 0.3001558538631421 0
0.4235481998913234 0.2923838747470311 0
0.3915836511238019 0.2799282720032792 0
0.4140368711330106 0.3249156351979527 0
0.402279021508564 0.3486726059334873 0
0.3129182365113763 0.1591601951325672 0
0.2974729720558286 0.1753815273342824 0
0.2905587842326974 0.1527681555603984 0
1.190899828441933 0.09844400416050281 0
1.152775130174164 0.09658175969674257 0
0.6833107541850435 0.2798870862094184 0
0.4923844159882886 0.1205016340117719 0
0.02885126224737777 0.02412525944445419 0
0.2561845957105217 0.3141763733106864 0
0.2706873914222545 0.2928023890997518 0
1.586290177488128 0.3154624527718488 0
0.1843358566335241 0.2630512313003037 0
0.1666581871038604 0.2557289008299675 0
2.146969429737435 0.1980503100797616 0
2.116376892634916 0.2165681380561049 0
0.3860383397923542 0.15096486138006 0
0.3656166789258469 0.1711794022616581 0
0.2890579123050383 0.3855172563470248 0
0.1300846496847305 0.2491782944150921 0
0.1165798911538138 0.2684952319204916 0
2.175205939003046 0.05858756377102484 0
0.3473049489451582 0.1897318277783437 0
0.3381441543151962 0.1632211413897655 0
0.8346292573231593 0.316932035284738 0
1.205592360616161 0.1335501053273752 0
0.5761235801193193 0.1601046108544429 0
0.8489424398849198 0.1565827764004082 0
0.5128839556036717 0.2598324578933834 0
0.8105271496785752 0.3342446876177495 0
0.07269395350781493 0.1179057101694873 0
0.09972228804619676 0.112521937690679 0
0.1008206556303312 0.1781782737543148 0
0.08543476692004459 0.1612657431753218 0
0.1094404779083803 0.1522514292904241 0
1.730377105039901 0.3396247786201664 0
0.3125292468433494 0.3046806152988325 0
0.2924083832344812 0.2897673427934773 0
0.4042296996988616 0.05424478739412347 0
1.035411800516523 0.2565755807635136 0
0.331229966492065 0.1406077696158816 0
0.1493338874136204 0.2506661125863798 0
0.3168949210151664 0.1110087708399155 0
0.3421208388189863 0.1150697170971138 0
1.314639530492044 0.2891459013153199 0
0.278351328166857 0.2705733469539584 0
0.267030653947378 0.2529673640982676 0
1.759208389540216 0.3141169414350022 0
2.092064861797857 0.1047747562546941 0
0.8144776907431115 0.1535415661136112 0
1.56626557763077 0.3452270962283012 0
0.538614286001553 0.1562554357248655 0
0.2831839474813688 0.1344659111872389 0
0.267738683025821 0.1506872433889541 0
1.071413760390659 0.2591136520982825 0
0.2742872784071209 0.3365154488166602 0
0.13151402635136 0.1497971725982702 0
0.1514231735123629 0.147537523133898 0
0.8426359446263596 0.3868555428156619 0
0.8450882826115895 0.3463984332983123 0
2.148131646725296 0.07689810875346607 0
2.115315409300943 0.08793781885512417 0
0.02885126224737777 0.05829192611112084 0
0.1513474135768081 0.2710396743570199 0
0.1217958364891764 0.1100676809985251 0
0.1161281376410734 0.1328846420192772 0
0.2478595926669099 0.1485148299782336 0
1.119395788815153 0.09086506806732891 0
0.4260205955218682 0.1088071152093789 0
0.4367388251062834 0.1362800040633789 0
0.4049025657044084 0.1297881180330401 0
0.375320110207939 0.12349197252606 0
0.5037098018249183 0.149209410389343 0
0.3683810087587099 0.3014920193310536 0
0.07089170874052808 0.1405111974599844 0
0.2823741354897559 0.1861026898101423 0
0.11917058679304 0.1858538248208755 0
0.09516487580470429 0.1948681387057732 0
0.469182240760373 0.1440067776172889 0
0.1436618783224041 0.06954614438742379 0
0.1778098625148865 0.07449160014680511 0
0.3277676825352582 0.3220353106058468 0
0.3566231591342634 0.3252489900665882 0
0.2895257140990296 0.3538701441236745 0
0.2113199884062438 0.1196010484679955 0
0.2126871744364763 0.1398146371543036 0
0.1986328139697676 0.129786411313692 0
0.2928420974365662 0.1193909380283342 0
0.2999828821817875 0.329351080246285 0
0.4136909491656303 0.07958074959262162 0
0.2024634447212379 0.2689260806587318 0
0.186799301354762 0.2819773119590355 0
2.122600867941415 0.1217913606977857 0
0.3609850647310404 0.09389297375009391 0
0.259146959845289 0.1000176830767259 0
0.2700219962296898 0.1173100258568898 0
0.2494888098900916 0.1150926562356305 0
0.1686425446823407 0.1492964060905974 0
0.1863202142120044 0.1419740756202611 0
0.23036484396614 0.14713696762464 0
0.1322966465071804 0.2835029960678588 0
0.1496209461974204 0.2885657843114464 0
0.1316888185333926 0.09082046748982156 0
0.1480946681282693 0.1111831718184199 0
0.2179397007226129 0.1036865680414252 0
0.2319940611893216 0.1137147938820369 0
0.184953028181772 0.1217604869339531 0
0.1714011987945663 0.2942810045047141 0
0.2428690975737224 0.1310071366622009 0
0.1653140392982472 0.1129420547751193 0
0.1554210572540309 0.1321892682838228 0
0.3846901206961533 0.3293761637392474 0
0.269817375601181 0.2016079459290855 0
0.1032382872322804 0.214510591922639 0
0.1776266390560103 0.1007543904685501 0
0.3847230866532245 0.07697926698054194 0
0.119830496225153 0.217461696244543 0
0.1317574034837065 0.201271844886167 0
0.1974488513984112 0.08331003230563891 0
0.3122476622850459 0.0788461410755693 0
0.3088726425209525 0.05747846149528237 0
0.3244107735779942 0.06410303874086079 0
0.2933345114639108 0.05085388424970394 0
0.3054976227568591 0.03611078191499544 0
0.2811714001709623 0.06559698658441245 0
0.277796380406869 0.04422930700412551 0
0.3021226029927657 0.0147431023347085 0
0.3176607340498074 0.02136767958028693 0
1.650123083478068 0.02493334959081775 0
1.633012801451935 0.04353712984185288 0
1.632889717973868 0.01860378025103513 0
1.633135884930002 0.06847047943267062 0
1.615902519425801 0.06214091009288801 0
1.650369250434202 0.07480004877245325 0
1.633258968408069 0.09340382902348837 0
1.598792237399667 0.08074469034392315 0
1.5986691539216 0.05581134075310539 0
1.02138187530931 0.1256896519466927 0
1.027945059730016 0.10635851481734 0
1.041024732452167 0.1260382645425496 0
1.014865387007866 0.08667876509213052 0
1.034508244150723 0.08702737768798738 0
0.9952225298650084 0.08633015249627365 0
1.001785714285715 0.06699901536692097 0
1.041071428571429 0.06769624055863473 0
1.054151101293579 0.08737599028384425 0
0.01920373616049887 0.2005481469098032 0
0.03309040885541209 0.210360272755349 0
0.01388667269491323 0.2148121258455459 0
0.05229414501591095 0.2059084196651522 0
0.04697708155032532 0.2201723986008949 0
0.05761120848149659 0.1916444407294094 0
0.07149788117640982 0.2014565665749554 0
0.06086375424523854 0.2299845244464409 0
0.04166001808473968 0.2344363775366377 0
2.126332690649068 0.3902583455824388 0
2.145975547791926 0.3902583455824388 0
2.150879667012422 0.3705166911648775 0
2.165618404934782 0.3902583455824388 0
2.136140929090061 0.3507750367473163 0
2.155783786232918 0.3507750367473163 0
2.185261262077639 0.3902583455824388 0
0.3065034500743198 0.2589012429072598 0
0.3165638818787539 0.2663578791599374 0
0.3101327517835178 0.2749949369003615 0
0.3229950119739901 0.2577208214195134 0
0.3266243136831881 0.273814515412615 0
0.319365710264792 0.2416271274264116 0
0.3294261420692262 0.2490837636790893 0
0.3366847454876222 0.2812711516652927 0
0.330253615392386 0.2899082094057167 0
1.421159197247251 0.2826297451678552 0
1.412878038480686 0.3025484234205669 0
1.401935291639869 0.2833432451112914 0
1.423820785321504 0.3217536017298425 0
1.404596879714122 0.3224671016732786 0
1.443044690928887 0.3210401017864062 0
1.434763532162322 0.3409587800391179 0
1.396315720947558 0.3423857799259904 0
1.38537297410674 0.3231806016167149 0
0.07561091998914732 0.0479769717829641 0
0.08753278558903338 0.05834058622821871 0
0.06962439009464161 0.05861413333416299 0
0.1054411810834251 0.05806703912227443 0
0.09945465118891944 0.06870420067347333 0
0.1114277109779308 0.04742987757107554 0
0.1233495765778169 0.05779349201633015 0
0.1113765167888055 0.07906781511872793 0
0.09346812129441373 0.07934136222467222 0
0.2437044746265917 0.2771693352745406 0
0.2383857253027659 0.2676060717243142 0
0.2513115870308045 0.2640451297100065 0
0.2254598635747274 0.2711670137386219 0
0.2330669759789402 0.2580428081740878 0
0.2178527511705144 0.2842912193031559 0
0.2125340018466887 0.2747279557529295 0
0.2277482266551145 0.2484795446238615 0
0.2406740883831531 0.2449186026095537 0
0.7467670003377147 0.1005964884998207 0
0.7303969285171596 0.1163341031970047 0
0.7285215372732113 0.09621634589611233 0
0.7322723197611081 0.1364518604978969 0
0.7140268566966047 0.1320717178941886 0
0.7505177828256113 0.1408320031016053 0
0.7341477110050564 0.1565696177987893 0
0.6976567848760498 0.1478093325913726 0
0.6957813936321013 0.1276915752904803 0
0.1069950460977428 0.2785174598012346 0
0.0986093054884582 0.2874740814884337 0
0.09075092781177491 0.2799701994147501 0
0.1064676831651415 0.2949779635621173 0
0.0902235648791736 0.2964307031756327 0
0.1227118014511094 0.2935252239486018 0
0.1143260608418248 0.3024818456358008 0
0.081837824269889 0.3053873248628318 0
0.07397944659320571 0.2978834427891481 0
1.613246860831011 0.01860378025103513 0
1.596136578804877 0.03720756050207026 0
1.593604003688154 0.01860378025103513 0
1.579026296778744 0.05581134075310539 0
1.573961146545297 0.01860378025103513 0
0.9569476278226964 0.1218603295015022 0
0.9784257103182343 0.1231367703165657 0
0.9700273005448472 0.1415400792267117 0
0.9868241200916212 0.1047334614064197 0
0.9999037928137722 0.1244132111316292 0
0.9737444473694705 0.08505371168121015 0
1.012983465535923 0.1440929608568387 0
0.01193220707074061 0.1901708740521344 0
0.03113594323123948 0.1857190209619375 0
0.04306815030198008 0.170889895014072 0
0.05033967939173833 0.1812671678717407 0
0.03579662121222182 0.1605126221564033 0
0.05500035737272069 0.1560607690662065 0
0.0695434155522372 0.1768153147815439 0
1.836690378002011 0.2236463543263804 0
1.814762736292636 0.2240750804075662 0
1.824303223623946 0.2073303451379692 0
1.805222248961325 0.2408198156771633 0
1.79283509458326 0.224503806488752 0
1.817609403339391 0.2571358248655745 0
1.795681761630016 0.2575645509467603 0
1.770907452873884 0.2249325325699379 0
1.780447940205194 0.2081877973003408 0
1.152427742493801 0.2569676098903373 0
1.154205214279534 0.2766661654460435 0
1.13552744232526 0.2720097311041835 0
1.172882986233808 0.2813225997879036 0
1.155982686065267 0.2963647210017497 0
1.189783286402351 0.2662804785740575 0
1.191560758188083 0.2859790341297637 0
1.157760157850999 0.3160632765574559 0
1.139082385896724 0.3114068422155959 0
1.68962681721827 0.06955329327417042 0
1.676458905971535 0.05467997871305287 0
1.689503733740202 0.04461994368335268 0
1.663414078202869 0.06474001374275307 0
1.663290994724802 0.03980666415193531 0
1.663537161680936 0.08967336333357082 0
1.663167911246735 0.01487331456111756 0
0.6743696754830717 0.1250330807711462 0
0.6907397473036267 0.1092954660739623 0
0.6856981009751522 0.09089935685744424 0
0.7071098191241818 0.09355785137677829 0
0.6642863828261225 0.0882408623381102 0
0.6806564546466776 0.07250324764092622 0
0.7234798909447366 0.07782023667959431 0
0.3482860666701681 0.2704892780014055 0
0.3519153683793661 0.2865829719945072 0
0.3446567649609702 0.2543955840083038 0
0.3598873878527141 0.2597074043375183 0
0.3410274632517722 0.2383018900152021 0
0.3714887090352601 0.2489255306736311 0
0.3751180107444581 0.2650192246667328 0
1.63759707452967 0.3946247614027735 0
1.647386511218168 0.375942052649864 0
1.659789436688497 0.3913172912470905 0
1.634983585747838 0.3605668140526375 0
1.657175947906665 0.3572593438969544 0
1.612791223589012 0.3638742842083205 0
1.622580660277509 0.345191575455411 0
1.666965384595163 0.3385766351440448 0
1.679368310065492 0.3539518737412714 0
0.3295297450108995 0.01291082619551095 0
0.3329047647749929 0.03427850577579788 0
0.3481487955001783 0.04718933197130883 0
0.3362797845390862 0.05564618535608481 0
0.3600178064612704 0.03873247858653284 0
0.3633928262253637 0.06010015816681977 0
0.3396548043031796 0.07701386493637175 0
1.653856442432642 0.3279591041385154 0
1.676048804591469 0.3246516339828324 0
1.631664080273815 0.3312665742941985 0
1.640747500270122 0.3173415731329859 0
1.609471718114989 0.3345740444498815 0
1.627638558107601 0.3067240421274565 0
1.649830920266428 0.3034165719717734 0
0.3157593815527875 0.08966180191535709 0
0.3002212504957458 0.08303722466977867 0
0.2881948387064457 0.08722830826398804 0
0.284683119438704 0.07641264742420024 0
0.2917065579741873 0.09804396910377583 0
0.2761684269171455 0.09141939185819742 0
0.2691449883816622 0.06978807017862182 0
0.2804819164556848 0.2250487241667695 0
0.2925733836606604 0.2252146578541909 0
0.2895224387451013 0.2324922686237237 0
0.2956243285762195 0.217937047084658 0
0.304664850865636 0.2253805915416122 0
0.2865838062868029 0.2104935026277038 0
0.2986752734917786 0.2106594363151251 0
0.3167563180706117 0.2255465252290335 0
0.3137053731550526 0.2328241359985663 0
1.486494844381856 0.2898058352743519 0
1.464716295336987 0.287413805238853 0
1.475552097541037 0.2706006569650764 0
1.453880493132937 0.3042269535126296 0
1.442937746292119 0.2850217752033541 0
1.464823239973756 0.3234321318219051 0
1.431994999451301 0.2658165968940785 0
0.2366760862794642 0.327525899435089 0
0.2288863875665275 0.338475480527138 0
0.2198350462182279 0.3273059427741511 0
0.2379377289148272 0.3496450182801249 0
0.2210966888535909 0.349425061619187 0
0.2547787689760634 0.3498649749410628 0
0.2469890702631267 0.3608145560331118 0
0.2133069901406542 0.360374642711236 0
0.2042556487923545 0.3492051049582491 0
1.212044569178451 0.28942596897206 0
1.195144269009909 0.304468090185906 0
1.198727779831733 0.3229571462420484 0
1.178243968841366 0.3195102113997522 0
1.219211590822101 0.3264040810843447 0
1.202311290653558 0.3414462022981908 0
1.161343668672823 0.3345523326135983 0
1.792756765944715 0.276473792755887 0
1.78036961156665 0.2601577835674758 0
1.765057461503285 0.2627510161881913 0
1.767982457188584 0.2438417743790646 0
1.762132465817984 0.281660257997318 0
1.749745311439919 0.2653442488089068 0
1.755595302810519 0.2275257651906534 0
0.09552765228434698 0.3164467326229489 0
0.07928353399837909 0.3178994722364644 0
0.1117717705703148 0.3149939930094334 0
0.1092174802988049 0.327506140383066 0
0.1280158888562827 0.313541253395918 0
0.1229073083132629 0.3385655481431832 0
0.106663190027295 0.3400182877566986 0
0.7807805556043876 0.3004834023832249 0
0.7744190898585953 0.2831049313940496 0
0.7937066586443527 0.2873998186149999 0
0.7551315210728379 0.2788100441730993 0
0.768057624112803 0.2657264604048742 0
0.7422054180328728 0.2918936279413243 0
0.7358439522870804 0.2745151569521491 0
0.7616961583670107 0.2483479894156989 0
0.7809837271527681 0.2526428766366492 0
1.369201256927782 0.3300296198060107 0
1.377482415694347 0.3101109415532989 0
1.369591857281955 0.2970412814898831 0
1.385763574460912 0.2901922633005872 0
1.353420140102997 0.3038902996791789 0
1.361701298869562 0.2839716214264671 0
1.394044733227476 0.2702735850478755 0
1.327660019814823 0.01848912449656035 0
1.308017162671967 0.01848912449656035 0
1.299962896772504 0.0369782489931207 0
1.288374305529109 0.01848912449656035 0
1.311551488015898 0.05546737348968105 0
1.291908630873042 0.05546737348968105 0
1.268731448386252 0.01848912449656035 0
0.5896495101809813 0.2568954507989042 0
0.5929829928561816 0.2769036702176603 0
0.5749649432088515 0.2718103432511408 0
0.6110010425035117 0.2819969971841797 0
0.596316475531382 0.2969118896364162 0
0.6256856094756416 0.2670821047319432 0
0.6290190921508418 0.2870903241506992 0
0.5996499582065824 0.3169201090551722 0
0.5816319085592523 0.3118267820886528 0
1.690616498792358 0.275699291867508 0
1.677021305950381 0.2849383852355964 0
1.677507556629838 0.2650817608619785 0
1.676535055270925 0.3047950096092144 0
1.663426113108404 0.2941774786036849 0
1.689643997433445 0.3154125406147439 0
1.650317170945884 0.2835599475981555 0
0.6600411326807514 0.1409225467514934 0
0.6549994863522768 0.1225264375349754 0
0.6356292972214819 0.1200197942988045 0
0.6499578400238022 0.1041303283184573 0
0.6213007544191615 0.1359092602791516 0
0.616259108090687 0.1175131510626335 0
0.6449161936953276 0.08573421910193929 0
1.705032141042515 0.2629453732749258 0
1.704545890363059 0.2828019976485438 0
1.71847528193376 0.2899047034295797 0
1.704059639683603 0.3026586220221618 0
1.732890924183917 0.2771507848369976 0
1.732404673504461 0.2970074092106156 0
1.703573389004147 0.3225152463957798 0
1.497439642504029 0.1310155273601862 0
1.481255967981601 0.1156223805594896 0
1.499759035727317 0.113834715747408 0
1.462752900235885 0.1174100453715713 0
1.465072293459174 0.100229233758793 0
1.460433507012598 0.1345908569843496 0
1.44424983249017 0.119197710183653 0
1.448888618936746 0.08483608695809644 0
1.467391686682461 0.08304842214601478 0
1.467827062513155 0.06566574435824885 0
1.484010737035583 0.08105889115894545 0
1.500629787388704 0.07906936017187612 0
1.50019441155801 0.09645203795964205 0
1.501065163219399 0.06168668238411018 0
1.517248837741827 0.07707982918480678 0
1.516378086080438 0.1118451847603387 0
0.05292561948684099 0.08741702094288478 0
0.0664397867560319 0.0847251347034806 0
0.06484748508672705 0.09778063538813941 0
0.06803208842533676 0.07166963401882179 0
0.07995395402522282 0.08203324846407642 0
0.0561102228254507 0.06130601957356718 0
0.09187581962510888 0.09239686290933102 0
0.09126259804665207 0.01178908261628282 0
0.08604537202748383 0.02385171233850991 0
0.0733542025522603 0.01206262972222709 0
0.09873654150270733 0.03564079495479273 0
0.08082814600831556 0.03591434206073701 0
0.1166449369970991 0.03536724784884845 0
0.06291975051392379 0.03618788916668128 0
0.7438085736840834 0.3371407752364739 0
0.7561325676575181 0.3249216509520576 0
0.7630961424698408 0.3414356624574241 0
0.7491689928451954 0.308407639446691 0
0.7684565616309529 0.3127025266676412 0
0.729881424059438 0.3041127522257407 0
0.7877441304167103 0.3169974138885915 0
0.226193733000036 0.01426181049597348 0
0.2065508758571789 0.01426181049597348 0
0.1970303231429294 0.02852362099194695 0
0.1869080187143218 0.01426181049597348 0
0.207152627571537 0.04278543148792043 0
0.1875097704286798 0.04278543148792043 0
0.1672651615714647 0.01426181049597348 0
1.770853433262638 0.1906082112605542 0
1.792781074972013 0.1901794851793683 0
1.805114209738832 0.1721711730583959 0
1.814708716681388 0.1897507590981825 0
1.795519702796274 0.1545915870186091 0
1.817447344505649 0.1541628609374233 0
1.836636358390764 0.1893220330169967 0
0.6251358204058414 0.08484211362384846 0
0.6394643632081617 0.06895264764350134 0
0.610807277603521 0.1007315796041956 0
0.6053554471163551 0.08395000814575763 0
0.5964787348012007 0.1166210455845427 0
0.5855750738268688 0.0830579026676668 0
0.5999036166291891 0.06716843668731967 0
0.2951827758548409 0.2412952600515691 0
0.2830913086498652 0.2411293263641478 0
0.3072742430598164 0.2414611937389903 0
0.3008431129645803 0.2500982514794144 0
0.2944119828693442 0.2587353092198386 0
2.185261262077639 0.2877583455824388 0
2.165005448442994 0.2882600341580894 0
2.179744186365355 0.2738350219089839 0
2.150266710520633 0.3026850464071947 0
2.144749634808348 0.2887617227337398 0
2.155783786232918 0.3166083700806497 0
2.135527972598273 0.3171100586563002 0
2.124493821173702 0.2892634113093903 0
2.139232559096063 0.2748383990602848 0
1.667938520975952 0.156638075447507 0
1.681905091631051 0.1443051623582485 0
1.687720487318944 0.1632733880529939 0
1.676089695943157 0.1253369366635032 0
1.695871662286149 0.13197224926899 0
1.656307729600164 0.1187016240580163 0
1.670274300255262 0.1063687109687579 0
1.709838232941248 0.1196393361797316 0
1.715653628629142 0.1386075618744769 0
0.01388667269491323 0.2660621258455459 0
0.03028509919089351 0.2744388086312994 0
0.01639842649598028 0.2817100161190868 0
0.04417177188580673 0.267167601143512 0
0.04668352568687378 0.2828154914170529 0
0.04166001808473968 0.251519710869971 0
0.05805844458071996 0.2598963936557245 0
0.06308195218285406 0.2911921742028063 0
0.04919527948794084 0.2984633816905937 0
0.4363814363245777 0.3279461971667318 0
0.4540027053072542 0.3278427241552282 0
0.4492470409280978 0.344108604380689 0
0.4587583696864105 0.3115768439297675 0
0.4716239742899305 0.3277392511437247 0
0.4458927650828905 0.2954144367158102 0
0.4635140340655669 0.2953109637043067 0
0.4892452432726069 0.3276357781322211 0
0.4844895788934506 0.3439016583576818 0
0.2431940315641944 0.0147431023347085 0
0.2336734788499448 0.02900491283068198 0
0.2411532246998536 0.04374801516539048 0
0.2241529261356953 0.04326672332665545 0
0.2581535232640119 0.04422930700412551 0
0.2486329705497623 0.05849111750009899 0
0.2146323734214457 0.05752853382262893 0
1.258205977642 0.0358432976285047 0
1.246617386398605 0.01735417313194435 0
1.269794568885394 0.05433242212506505 0
1.247680506897746 0.05319747076044905 0
1.281383160128788 0.0728215466216254 0
1.237155036153493 0.07055164389239341 0
1.225566444910098 0.05206251939583305 0
2.112266279360775 0.01773030360300813 0
2.092623422217918 0.01773030360300813 0
2.083461130150121 0.03546060720601626 0
2.072980565075061 0.01773030360300813 0
2.093941695225181 0.0531909108090244 0
2.074298838082324 0.0531909108090244 0
2.053337707932204 0.01773030360300813 0
0.9271391252530856 0.06765937844505412 0
0.9370752927762892 0.08572636213053679 0
0.9187407154796986 0.08606268735520013 0
0.9554098700728798 0.08539003690587349 0
0.9470114602994928 0.1037933458160195 0
0.9638082798462668 0.06698672799572744 0
0.9386130505261058 0.1221966547261655 0
0.223119074049371 0.3728359711986615 0
0.2062780339881347 0.3726160145377235 0
0.2399601141106072 0.3730559278595993 0
0.2329311579580877 0.3852972996860869 0
0.2568011541718435 0.3732758845205372 0
0.2427432418668045 0.3977586281735124 0
0.2259022018055683 0.3975386715125745 0
2.012078784953167 0.08744078918721723 0
2.002364061284792 0.1049679342686341 0
1.993660049015485 0.08735184828267872 0
2.0110680735541 0.1225840202545894 0
1.992649337616418 0.1224950793500509 0
2.029486809491782 0.122672961159128 0
2.019772085823408 0.1402001062405448 0
1.982934613948043 0.1400222244314678 0
1.974230601678735 0.1224061384455125 0
2.049486227273771 0.1569683430568292 0
2.040743445476175 0.1740609559046821 0
2.029448039963494 0.1573816599929362 0
2.052038850988857 0.190740251816428 0
2.03200066367858 0.191153568752535 0
2.072077038299133 0.1903269348803209 0
2.063334256501538 0.2074195477281738 0
2.023257881880984 0.208246181600388 0
2.011962476368303 0.1915668856886422 0
0.5697232742224069 0.3207746203023363 0
0.5663897915472065 0.3007664008835804 0
0.5511476745351609 0.2897060196785081 0
0.5630563088720062 0.2807581814648245 0
0.5392390401983155 0.2986538578921917 0
0.5359055575231151 0.2786456384734357 0
0.5597228261968059 0.2607499620460685 0
0.4792958398003216 0.01534677467722212 0
0.4697380874959956 0.02955834217877291 0
0.4618708191242453 0.01421156750155079 0
0.4776053558677459 0.04490511685599504 0
0.4601803351916696 0.0437699096803237 0
0.4950303765438222 0.04604032403166637 0
0.4854726242394962 0.06025189153321717 0
0.4506225828873436 0.05798147718187449 0
0.4427553145155934 0.04263470250465237 0
1.703101094366922 0.1029439885445445 0
1.722883060709914 0.1095793011500314 0
1.683319128023929 0.09630867593905766 0
1.696363955792596 0.08624864090935749 0
1.709408783561262 0.07618860587965731 0
0.6505744977162238 0.2900222592148469 0
0.6358899307440939 0.3049371516670835 0
0.642760769337346 0.3227839791834677 0
0.6212053637719642 0.31985204411932 0
0.664316174902728 0.3257159142476155 0
0.6496316079305982 0.340630806699852 0
0.6065207967998345 0.3347669365715564 0
0.01639842649598028 0.2987933494524201 0
0.03279685299196056 0.3071700322381736 0
0.01639842649598028 0.3158766827857535 0
0.04919527948794084 0.3155467150239271 0
0.01639842649598028 0.3329600161190869 0
2.185261262077639 0.3390083455824388 0
2.185261262077639 0.3219250122491054 0
2.170522524155279 0.3192666911648776 0
2.185261262077639 0.3048416789157722 0
2.155783786232918 0.333691703413983 0
1.070535714285715 0.08004312299946892 0
1.063972529865008 0.09937426012882158 0
1.073793958436437 0.1113725299737989 0
1.057409345444302 0.1187053972581743 0
1.090178571428571 0.1040396626894236 0
1.083615387007866 0.1233707998187762 0
1.050846161023596 0.1380365343875269 0
0.08085165035578351 0.1970138142476455 0
0.07553458689019787 0.2112777931833882 0
0.07957129260398593 0.2210990197918211 0
0.07021752342461224 0.225541772119131 0
0.08892506178335963 0.2166562674645113 0
0.08360799831777399 0.230920246400254 0
0.0649004599590266 0.2398057510548737 0
1.954606619617965 0.01769008264291936 0
1.934963762475108 0.01769008264291936 0
1.925284667807358 0.03538016528583871 0
1.915320905332251 0.01769008264291936 0
1.935248430282465 0.05307024792875806 0
1.915605573139608 0.05307024792875806 0
1.895678048189394 0.01769008264291936 0
1.345778834911864 0.01156805670341176 0
1.337724569012401 0.03005718119997211 0
1.347789118209978 0.04162523790338387 0
1.329670303112938 0.04854630569653246 0
1.365907933307019 0.03470417011023528 0
1.357853667407556 0.05319329460679563 0
1.321616037213476 0.06703543019309281 0
0.01388667269491323 0.2318954591788792 0
0.02777334538982645 0.2417075850244252 0
0.01388667269491323 0.2489787925122126 0
1.268510884881094 0.3018266565462795 0
1.249688779646879 0.2976930940215397 0
1.264927374059269 0.2833376004901371 0
1.23445018523449 0.3120485875529422 0
1.230866674412665 0.2935595314967998 0
1.238033696056315 0.3305376436090846 0
1.22728316359084 0.2750704754406574 0
2.023725930302241 0.07009883100395453 0
2.032429942571548 0.08771491698990989 0
2.05278110018993 0.08798904479260256 0
2.041133954840856 0.1053310029758653 0
2.064428245539004 0.07064708660933985 0
2.073132257808312 0.08826317259529522 0
2.049837967110164 0.1229470889618206 0
1.512604002299569 0.3415276801580517 0
1.503900949660331 0.3242870651968184 0
1.523439804503619 0.3247145318842751 0
1.484362094817044 0.3238595985093617 0
1.495197897021094 0.3070464502355852 0
1.473526292612993 0.3406727467831384 0
1.506033699225144 0.2902333019618085 0
1.738740915554518 0.2393323012187443 0
1.741665911239818 0.2204230594096175 0
1.735815919869217 0.2582415430278709 0
1.721886528298517 0.2511388372468351 0
1.707957136727816 0.2440361314657992 0
0.9289761736166962 0.1378099855954175 0
0.9190400060934925 0.1197430019099348 0
0.8994669616608792 0.117289349093704 0
0.909103838570289 0.1016760182244521 0
0.8898300847514695 0.132902679962956 0
0.879893917228266 0.1148356962774733 0
0.8991676710470853 0.08360903453896942 0
0.7590005923291346 0.09145070004247907 0
0.7608759835730829 0.1115684573433714 0
0.7749849668084514 0.1225404261869221 0
0.7627513748170314 0.1316862146442637 0
0.7872185587998713 0.1133946377295805 0
0.7890939500438197 0.1335123950304728 0
0.7646267660609798 0.151803971945156 0
2.043467115388883 0.03518647940332359 0
2.032986550313823 0.01745617580031546 0
2.053947680463943 0.05291678300633172 0
2.033596522845562 0.05264265520363906 0
2.013245365227181 0.05236852740094639 0
1.954779242411449 0.1226400452881163 0
1.964493966079824 0.1051129002066995 0
1.954757330480912 0.08781966196788651 0
1.974208689748199 0.08758575512528262 0
1.935305971213626 0.0880535688104904 0
1.945020694882001 0.07052642372907353 0
1.983923413416574 0.07005861004386574 0
1.974151148817038 0.05260243424355028 0
1.993602508084324 0.05236852740094639 0
1.954699789549751 0.05283634108615418 0
1.964378884217501 0.03514625844323482 0
1.974057978885252 0.01745617580031546 0
0.4025493001292121 0.3935530193480481 0
0.4221921572720693 0.3935530193480481 0
0.431884314544139 0.3771060386960963 0
0.4418350144149265 0.3935530193480481 0
0.4219336146733516 0.3606590580441444 0
0.4415764718162088 0.3606590580441444 0
0.4614778715577836 0.3935530193480481 0
1.886058108407204 0.03500920947530074 0
1.876094345932097 0.01731912683238139 0
1.896021870882312 0.0526992921182201 0
1.876438168625015 0.05232833630768212 0
1.905985633357419 0.07038937476113943 0
1.866818228842825 0.06964746314006351 0
1.856854466367718 0.05195738049714416 0
0.4689855528931026 0.2812597865395419 0
0.4818511574966227 0.2974221937534992 0
0.5001882809276783 0.2995334238026916 0
0.4947167621001426 0.3135846009674563 0
0.5056597997552141 0.2854822466379269 0
0.5185254043587341 0.301644653851884 0
0.5075823667036626 0.3297470081814136 0
0.5380277119690313 0.3934495463365445 0
0.5467690597776446 0.3739082967133966 0
0.5587413478086127 0.3904587503768521 0
0.5347967717466764 0.3573578430499413 0
0.5555104075862578 0.3543670470902489 0
0.514083135907095 0.3603486390096337 0
0.5228244837157083 0.3408073893864859 0
0.5642517553948712 0.3348257974671011 0
0.5762240434258392 0.3513762511305565 0
0.4422279619813882 0.01421156750155079 0
0.4326702096770622 0.02842313500310158 0
0.4225851048385311 0.01421156750155079 0
0.4231124573727362 0.04263470250465237 0
0.4029422476956739 0.01421156750155079 0
2.012771975754602 0.2254246840241222 0
2.003042954718607 0.2419354319407231 0
1.993490673534712 0.225170246453096 0
2.012595235902503 0.2587006174283503 0
1.993313933682613 0.258446179857324 0
2.031876538122392 0.2589550549993765 0
2.022147517086398 0.2754658029159774 0
1.983584912646618 0.2749569277739248 0
1.974032631462722 0.2581917422862976 0
0.5668204267679857 0.08113331510287812 0
0.5475140271619531 0.07991100697779305 0
0.5608168437336702 0.06505402308414374 0
0.5342112105902358 0.09476799087144233 0
0.5282076275559204 0.07868869885270796 0
0.5402147936245512 0.1108472828901767 0
0.5209083940185186 0.1096249747650916 0
0.5089012279498878 0.07746639072762287 0
0.5222040445216051 0.06260940683397358 0
0.4591977407988852 0.3605555850326408 0
0.4768190097815616 0.3604521120211372 0
0.4691484406696726 0.3770025656845927 0
0.494440278764238 0.3603486390096337 0
0.47909914054046 0.3934495463365445 0
2.060815800845071 0.2756252022742366 0
2.070072599330426 0.2918616688064323 0
2.050685617791643 0.2919567070191994 0
2.089459580869208 0.2917666305936651 0
2.079329397815782 0.308098135338628 0
2.099589763922635 0.2754351258487024 0
2.10884656240799 0.2916715923808981 0
2.088586196301137 0.3243346018708236 0
2.069199214762355 0.3244296400835908 0
1.915721657229071 0.08768127586187195 0
1.896137954971774 0.08731032005133399 0
1.886290276586129 0.1042312653415285 0
1.876554252714477 0.08693936424079604 0
1.896026300457781 0.1215231664422611 0
1.876442598200484 0.1211522106317231 0
1.856970550457181 0.08656840843025806 0
0.06644418519000456 0.2509397719685255 0
0.06895593899107161 0.2665876622420663 0
0.07985343340142326 0.2732789308284082 0
0.07146769279213866 0.2822355525156073 0
0.08823917401070785 0.2643223091412091 0
2.032810163064879 0.2250113670880151 0
2.052848350375156 0.2245980501519081 0
2.042362444248774 0.2417765525756423 0
2.072886537685433 0.224184733215801 0
2.05191472543267 0.2585417380632695 0
0.01283332945438403 0.07636813040688588 0
0.01283332945438403 0.09345146374021923 0
0.02566665890876807 0.1014862608137718 0
0.01283332945438403 0.1105347970735525 0
0.0384999883631521 0.09243772455399102 0
0.0384999883631521 0.1095210578873244 0
0.01283332945438403 0.1276181304068859 0
0.9523056033355131 0.2820253517726431 0
0.9648215224927887 0.2970127395600159 0
0.9445950996710297 0.2969929834833899 0
0.9850479453145478 0.297032495636642 0
0.9773374416500644 0.3120001273473888 0
0.9927584489790311 0.2820648639258953 0
1.005274368136307 0.2970522517132681 0
0.9898533608073401 0.3269875151347617 0
0.9696269379855811 0.3269677590581356 0
0.5831759182294834 0.131478029478192 0
0.5777240877423175 0.114696458019754 0
0.5589694406834343 0.1127718704549654 0
0.5722722572551516 0.09791488656131608 0
0.5456666241117172 0.1276288543486147 0
0.5532860328987446 0.04848494028183654 0
0.5725924325047771 0.04970724840692162 0
0.5339796332927119 0.04726263215675146 0
0.5457552220638188 0.03191585747952933 0
0.5146732336866793 0.04604032403166637 0
0.538224411228893 0.01534677467722212 0
0.5575308108349256 0.01656908280230721 0
1.287842970274829 0.3034818815841087 0
1.272604375862441 0.3178373751155112 0
1.276697866843787 0.333848093684743 0
1.257365781450051 0.3321928686469138 0
1.296029952237522 0.3355033187225723 0
1.280791357825134 0.3498588122539747 0
1.242127187037662 0.3465483621783163 0
0.2824797458499086 0.0147431023347085 0
0.2703166345569603 0.02948620466941701 0
0.2628368887070515 0.0147431023347085 0
2.032885377951126 0.3930404218231791 0
2.041785095548768 0.3757069484771257 0
2.051756860454785 0.3926665266539466 0
2.031813330642751 0.3587473703003048 0
2.05068481314641 0.3583734751310723 0
2.012941848139092 0.3591212654695374 0
2.021841565736734 0.341787792123484 0
2.059584530744052 0.3410400017850189 0
2.069556295650069 0.3579995799618398 0
2.012584767251378 0.3255513255912883 0
2.031456249755037 0.3251774304220558 0
2.041070933773341 0.3085670687206276 0
2.050327732258696 0.3248035352528233 0
2.031814135287985 0.2923306021884319 0
1.847125128201571 0.1033951003222859 0
1.83738910432992 0.08610319922155332 0
1.856861152073223 0.1206870014230183 0
1.837279705945962 0.1202217922143136 0
1.866597175944875 0.1379789025237509 0
1.827434283690353 0.1370484841063414 0
1.817698259818701 0.1197565830056088 0
0.5185815540860359 0.01534677467722212 0
0.5068059653149291 0.03069354935444425 0
0.4989386969431787 0.01534677467722212 0
0.01193220707074061 0.1389208740521344 0
0.01193220707074061 0.1560042073854678 0
0.02386441414148122 0.1582584147709355 0
0.01193220707074061 0.1730875407188011 0
0.03579662121222182 0.14342928882307 0
2.126577894460567 0.2630375770569873 0
2.146833708095213 0.2625358884813368 0
2.154434857094363 0.2502333779023887 0
2.167089521729858 0.2620341999056863 0
2.141780192458867 0.2384325558990912 0
2.162036006093512 0.2379308673234407 0
2.187345335364504 0.2615325113300358 0
1.993251530848205 0.2918217270463793 0
1.973970228628315 0.2915672894753529 0
2.012532833068095 0.2920761646174056 0
2.002918149049791 0.3086865263188338 0
1.993303465031488 0.325296888020262 0
0.528296002543244 0.3267562122217211 0
0.5337675213707798 0.3127050350569563 0
0.5490096383828255 0.3237654162620287 0
1.818110773155774 0.08532898392225827 0
1.827956195411383 0.06850229203023048 0
1.808265350900164 0.1021556758142861 0
1.798832441981626 0.08455476862296321 0
1.798419928644555 0.1189823677063138 0
1.77955411080748 0.08378055332366816 0
1.78939953306309 0.06695386143164037 0
0.3152652140642315 0.2127423995341494 0
0.324305736353648 0.2201859439911035 0
0.3062246917748149 0.2052988550771952 0
0.3137741100578513 0.1999382738392653 0
0.2971841694853983 0.197855310620241 0
0.3122830060514711 0.1871341481443811 0
0.3213235283408876 0.1945776926013353 0
2.071399717597642 0.3926665266539466 0
2.080299435195284 0.3753330533078932 0
2.091042574740499 0.3926665266539466 0
2.089199152792926 0.3579995799618398 0
2.110685431883356 0.3926665266539466 0
0.1030751426832992 0.3538298325264033 0
0.08938531466884124 0.3427704247662862 0
0.07210743931038745 0.3455225617758738 0
0.07569548665438326 0.3317110170061691 0
0.06851939196639163 0.3593341065455785 0
0.05482956395193366 0.3482746987854614 0
0.0620056586399253 0.320651609246052 0
1.945056140637024 0.2075721158932601 0
1.954714970912257 0.2244453246909393 0
1.93532711960103 0.2240828638098609 0
1.974102822223484 0.2248077855720176 0
1.964373801187489 0.2413185334886185 0
1.983831843259479 0.2082970376554168 0
1.954644780151495 0.2578292814052192 0
0.2588783952118632 0.06867938536799215 0
0.2418780966477048 0.06819809352925711 0
0.2351232227456474 0.07790506955841525 0
0.2248777980835465 0.06771680169052209 0
0.2453686474077482 0.0880933374263084 0
0.2283683488435899 0.08761204558757338 0
0.2078774995193882 0.06723550985178706 0
1.992610568088129 0.1572037781838592 0
1.974191832150447 0.1571148372793207 0
2.011029304025811 0.1572927190883978 0
2.002286522228216 0.1743853319362507 0
1.99354374043062 0.1914779447841037 0
2.013343693170965 0.01745617580031546 0
2.003473100627645 0.03491235160063093 0
1.993700836028109 0.01745617580031546 0
0.7140427029570093 0.05770055387986222 0
0.735454421106039 0.06035904839919626 0
0.6926309848079798 0.05504205936052818 0
0.704605514969282 0.03758087108013014 0
0.6712192666589503 0.05238356484119415 0
0.6951683269815547 0.01746118828039805 0
0.7165800451305844 0.02011968279973209 0
0.166973630376997 0.3975386715125745 0
0.186616487519854 0.3975386715125745 0
0.1964472607539944 0.385077343025149 0
0.2062593446627111 0.3975386715125745 0
0.1866351768452776 0.3726160145377235 0
0.9674816388466791 0.3451085060547697 0
0.9549657196894035 0.3301211182673969 0
0.9403045013932259 0.3332744774766582 0
0.9424498005321278 0.315133730480024 0
0.9381592022543239 0.3514152244732923 0
0.9256432830970482 0.3364278366859195 0
0.9299338813748521 0.3001463426926512 0
0.6164593822634971 0.01656908280230721 0
0.5968165251206399 0.01656908280230721 0
0.5847044788127085 0.03313816560461441 0
0.5771736679777828 0.01656908280230721 0
0.5922352896476343 0.04970724840692162 0
1.935380186496938 0.1903905621408687 0
1.954768037808166 0.190753023021947 0
1.964479934979306 0.1739339301506339 0
1.974155889119392 0.1911154839030254 0
1.954803980839219 0.1567523763982425 0
1.431042889463882 0.09532818781011872 0
1.43336228268717 0.07814737619734045 0
1.428723496240594 0.112508999422897 0
1.413197159991018 0.105820288662141 0
1.426404103017306 0.1296898110356753 0
1.395351430518154 0.1163123895141633 0
1.397670823741442 0.09913157790138502 0
1.973956806522555 0.3930404218231791 0
1.993599663665412 0.3930404218231791 0
2.003270755902252 0.3760808436463582 0
2.013242520808269 0.3930404218231791 0
1.993298990996235 0.3591212654695374 0
1.944551599707038 0.342145264949535 0
1.954353335312211 0.3591103172407497 0
1.934880507470198 0.3591048431263558 0
1.973826163154223 0.3591157913551435 0
1.964155070917383 0.3760753695319644 0
1.983497255391063 0.3421562131783227 0
1.954483978680543 0.3930349477087852 0
2.071301706971452 0.2584466998505024 0
2.081787613097833 0.2412681974267682 0
2.090688688510235 0.2583516616377353 0
2.092273519224215 0.2240896950030339 0
2.110075670049016 0.2582566234249682 0
1.934884981505451 0.3252804656770805 0
1.954357809347464 0.3252859397914743 0
1.964164018987889 0.3084266146334136 0
1.973830637189476 0.3252914139058681 0
1.954497400786303 0.2915618153609591 0
2.0534806964304 0.1398738598831514 0
2.064776101943081 0.1565531557948973 0
2.080065976612391 0.1561379685329654 0
2.076071507455762 0.1732324517066431 0
2.084060445769019 0.1390434853592876 0
2.095355851281701 0.1557227812710335 0
2.087366912968443 0.189911747618389 0
0.4987419976833171 0.3934495463365445 0
0.5064125667952061 0.3768990926730891 0
0.5183848548261742 0.3934495463365445 0
1.126892091149108 0.3201192389964914 0
1.125114619363376 0.3004206834407852 0
1.111146852830028 0.2894345246659744 0
1.123337147577644 0.2807221278850789 0
1.098956558082412 0.2981469214468698 0
1.097179086296679 0.2784483658911636 0
1.121559675791911 0.2610235723293728 0
1.817875880893509 0.2910034578677846 0
1.808757767722942 0.3085284158969845 0
1.798950802837514 0.2914055181643714 0
1.81856473260837 0.3256513136295976 0
1.799639654552375 0.3260533739261844 0
1.837489810664365 0.3252492533330109 0
1.828371697493798 0.3427742113622108 0
1.790521541381808 0.3435783319553842 0
1.78071457649638 0.3264554342227711 0
1.896051591763469 0.2574765361316415 0
1.915582654559477 0.2575941178895007 0
1.905710422038701 0.2743497449293206 0
1.925454887080253 0.2408384908496808 0
1.935113717355486 0.25771169964736 0
1.915796056805021 0.2239652820520017 0
1.944772547630719 0.2745849084450391 0
0.7180501799812438 0.3959136966854601 0
0.7376930371241009 0.3959136966854601 0
0.7486003599624883 0.3818273933709202 0
0.7573358942669581 0.3959136966854601 0
0.7398648256580185 0.3677410900563803 0
0.7595076828008758 0.3677410900563803 0
0.7769787514098153 0.3959136966854601 0
0.5783842049514698 0.3904587503768521 0
0.587125552760083 0.3709175007537043 0
0.5980270620943269 0.3904587503768521 0
0.5958669005686963 0.3513762511305565 0
0.617669919237184 0.3904587503768521 0
1.876458713319468 0.291267160145002 0
1.856931102510815 0.2911792593859296 0
1.86665174843404 0.2741442624123889 0
1.84721045658759 0.3082142563594703 0
1.837403491702162 0.2910913586268571 0
1.857017421473018 0.3253371540920834 0
1.827596526816734 0.273968460894244 0
1.905633272786218 0.3421978808927619 0
1.895908419630635 0.3252209739768419 0
1.915353918709442 0.3251628839192212 0
1.876462920551826 0.3252790640344627 0
1.886183566475051 0.3082440670609219 0
1.866742274628602 0.3423140610080033 0
1.895904212398276 0.2912090700873813 0
0.8893065369866822 0.06790296263170251 0
0.878176828568987 0.05090403671427313 0
0.8976748395387999 0.0509967777522881 0
0.858678817599174 0.05081129567625817 0
0.8670471201512918 0.03390511079684377 0
0.8503105150470562 0.06771748055567256 0
0.8391808066293611 0.0507185546382432 0
0.8559174117335966 0.0169061848794144 0
0.8754154227034097 0.01699892591742937 0
0.7969888403050251 0.0169061848794144 0
0.7867831711498954 0.03702586767914649 0
0.7755086165591559 0.02011968279973209 0
0.7980577257406347 0.05393205255856089 0
0.7765775019947654 0.05714555047887857 0
0.819537949486504 0.0507185546382432 0
0.8093322803313741 0.07083823743797529 0
0.7663718328396356 0.07726523327861065 0
0.7550972782488962 0.06035904839919626 0
0.7558657594162987 0.02011968279973209 0
0.7456600902611689 0.04023936559946417 0
0.7362229022734416 0.02011968279973209 0
0.9343439941319811 0.01699892591742937 0
0.914701136989124 0.01699892591742937 0
0.906187988263962 0.03399785183485873 0
0.8950582798462667 0.01699892591742937 0
0.9173176966816571 0.0509967777522881 0
0.8362745545907395 0.0169061848794144 0
0.8279062520386218 0.0338123697588288 0
0.8166316974478824 0.0169061848794144 0
0.952678571428571 0.392988786711377 0
0.9723214285714281 0.392988786711377 0
0.9821428571428568 0.3759775734227542 0
0.9919642857142854 0.392988786711377 0
0.9723214285714281 0.3589663601341313 0
0.9919642857142854 0.3589663601341313 0
1.011607142857142 0.392988786711377 0
1.088987267796885 0.3932829475388135 0
1.099202232217499 0.373559296981639 0
1.110214964420614 0.3902763494428255 0
1.088189500014385 0.3568422445204526 0
1.109417196638113 0.3538356464244645 0
1.066961803390657 0.3598488426164407 0
1.077176767811271 0.3401251920592662 0
1.119632161058727 0.3341119958672901 0
1.130644893261842 0.3508290483284766 0
1.000594410654028 0.3422493076729448 0
1.010415839225457 0.3592605209615677 0
1.028867392736628 0.3595546817890042 0
1.020237267796885 0.3762717342501907 0
1.037497517676371 0.3428376293278178 0
1.047318946247799 0.3598488426164407 0
1.030058696368314 0.3932829475388135 0
1.049701553511171 0.3932829475388135 0
1.058331678450914 0.3765658950776271 0
1.069344410654028 0.3932829475388135 0
1.19597862503196 0.06848557029589729 0
1.186861238633356 0.05113139716395293 0
1.205923587767241 0.05206251939583305 0
1.167798889499471 0.05020027493207282 0
1.177743852234752 0.03377722403200858 0
1.157853926764191 0.06662332583213705 0
1.148736540365586 0.04926915270019271 0
1.168626465836148 0.01642305090006424 0
1.187688814970033 0.01735417313194435 0
1.738958871900808 0.01654491153308633 0
1.732483926004684 0.03141822609420389 0
1.722096482675306 0.01487331456111756 0
1.742871369334063 0.04796313762729022 0
1.726008980108561 0.04629154065532145 0
1.759733758559564 0.04963473459925899 0
1.753258812663441 0.06450804916037654 0
1.719534034212437 0.06116485521643901 0
1.709146590883059 0.04461994368335268 0
1.79788744332938 0.01654491153308633 0
1.778244586186522 0.01654491153308633 0
1.768989172373044 0.03308982306617266 0
1.758601729043665 0.01654491153308633 0
1.779376615702422 0.04963473459925899 0
1.148983608693291 0.01642305090006424 0
1.13903864595801 0.03284610180012847 0
1.129340751550434 0.01642305090006424 0
1.12909368322273 0.04926915270019271 0
1.109697894407577 0.01642305090006424 0
1.483139716585284 0.3925613200239204 0
1.492961145156712 0.3755501067352975 0
1.502678571428572 0.392988786711377 0
1.483243718884852 0.3581114267592179 0
1.50278257372814 0.3585388934466746 0
1.463704864041564 0.3576839600717613 0
1.522321428571428 0.3589663601341313 0
1.739327687260025 0.3934950980629928 0
1.758970544402882 0.3934950980629928 0
1.769726803091478 0.3769901961259855 0
1.778613401545739 0.3934950980629928 0
1.760840204637217 0.3604852941889782 0
1.780483061780074 0.3604852941889782 0
1.798256258688596 0.3934950980629928 0
1.522321428571428 0.392988786711377 0
1.532142857142857 0.3759775734227542 0
1.541964285714286 0.392988786711377 0
1.541964285714286 0.3589663601341313 0
1.561607142857143 0.392988786711377 0
1.424211145156712 0.3925613200239204 0
1.443854002299569 0.3925613200239204 0
1.453779433170567 0.3751226400478408 0
1.463496859442426 0.3925613200239204 0
1.444062006898708 0.3576839600717613 0
1.226974529255747 0.01735417313194435 0
1.216449058511494 0.0347083462638887 0
1.20733167211289 0.01735417313194435 0
1.090178571428572 0.0170112132886229 0
1.070535714285715 0.0170112132886229 0
1.060714285714286 0.0340224265772458 0
1.050892857142858 0.0170112132886229 0
1.070535714285715 0.0510336398658687 0
1.050892857142858 0.0510336398658687 0
1.03125 0.0170112132886229 0
1.129857821563471 0.3902763494428255 0
1.140072785984085 0.370552698885651 0
1.149500678706328 0.3902763494428255 0
1.150287750404699 0.3508290483284766 0
1.169143535849185 0.3902763494428255 0
1.85645148878924 0.01731912683238139 0
1.846831549007051 0.03463825366476277 0
1.836808631646383 0.01731912683238139 0
1.837211609224862 0.05195738049714416 0
1.817165774503526 0.01731912683238139 0
1.099876465836148 0.03343426418868714 0
1.109574360243725 0.04985731508875137 0
1.09005503726472 0.05044547747731003 0
1.119272254651301 0.06628036598881559 0
1.080233608693291 0.06745669076593294 0
1.482444860182866 0.01691381883632954 0
1.46280200304001 0.01691381883632954 0
1.452389720365731 0.03382763767265909 0
1.443159145897152 0.01691381883632954 0
1.461620294834312 0.05074145650898863 0
1.441977437691454 0.05074145650898863 0
1.423516288754294 0.01691381883632954 0
1.702453625532449 0.01487331456111756 0
1.695978679636325 0.02974662912223512 0
1.682810768389591 0.01487331456111756 0
1.895555407251971 0.3930349477087852 0
1.915198264394828 0.3930349477087852 0
1.925039385932513 0.3760698954175705 0
1.934841121537686 0.3930349477087852 0
1.915237650327341 0.3591048431263558 0
1.346058668120758 0.3932748199673566 0
1.365701525263616 0.3932748199673566 0
1.376045907670087 0.3765496399347133 0
1.385344382406472 0.3932748199673566 0
1.366747432933703 0.35982445990207 0
1.386390290076559 0.35982445990207 0
1.404987239549329 0.3932748199673566 0
1.405614195683942 0.3591109599586337 0
1.424838101291325 0.3583974600151975 0
1.414912670420327 0.3758361399912771 0
1.817933278050715 0.0511831651978491 0
1.798654946876569 0.05040894989855405 0
1.807910360690048 0.03386403836546772 0
1.660708524560037 0.2586301895976784 0
1.674303717402014 0.2493910962295899 0
1.647113331718061 0.2678692829657668 0
1.643909492490237 0.2521786183333782 0
1.633518138876084 0.2771083763338553 0
1.627110460420437 0.2457270470690781 0
1.640705653262414 0.2364879537009895 0
1.603717866723227 0.173323287706965 0
1.591347288952996 0.1876423315567283 0
1.584617704129867 0.1687379666468202 0
1.598076873776126 0.2065466964666364 0
1.578976711182766 0.2019613754064915 0
1.617177036369485 0.2111320175267812 0
1.604806458599255 0.2254510613765445 0
1.566606133412535 0.2162804192562547 0
1.559876548589406 0.1973760543463466 0
1.694945512121838 0.1838588567020709 0
1.699282720323831 0.2039179482899803 0
1.678091124865837 0.1956653927301618 0
1.720474315781825 0.212170503849799 0
1.703619928525824 0.2239770398778898 0
1.737328703037825 0.2003639678217081 0
1.686765541269822 0.2357835759059806 0
1.66562930099803 0.209272913053771 0
1.661292092796038 0.1892138214658616 0
1.669966509200022 0.2293320046416805 0
1.653167477130222 0.2228804333773803 0
1.636368445060422 0.2164288621130802 0
1.616179690591035 0.1597157673833558 0
1.622909275414164 0.1786201322932639 0
1.642100684105101 0.1839169768795628 0
1.629638860237293 0.197524497203172 0
1.654562507972908 0.1703094565559535 0
1.532346750661175 0.1155246771621136 0
1.552608143573763 0.1218224422243517 0
1.536204103162333 0.1355256276103427 0
1.569012183985194 0.1081192568383607 0
1.572869536486351 0.1281202072865897 0
1.565154831484036 0.08811830639013156 0
1.585416224396624 0.0944160714523696 0
1.59313092939894 0.1344179723488278 0
1.576726888987509 0.1481211577348188 0
1.54409491830469 0.156142436522344 0
1.523833525392102 0.1498446714601059 0
1.564356311217279 0.1624402015845821 0
1.551985733447049 0.1767592454343453 0
1.539615155676818 0.1910782892841085 0
1.480861914404557 0.1810915537049667 0
1.500446328161977 0.1844204655646806 0
1.488752729546915 0.201708362616968 0
1.512139926777039 0.1671325685123932 0
1.520030741919398 0.1877493774243946 0
1.504249111634682 0.1465157596003919 0
1.527921557061755 0.2083661863363959 0
1.495793312246017 0.2203616716777982 0
1.476208898488597 0.2170327598180843 0
1.515377726003438 0.2236905835375122 0
1.502833894945121 0.2390149807386285 0
1.534962139760859 0.2270194953972262 0
1.509874477644223 0.2576682897994589 0
1.490290063886803 0.2543393779397449 0
1.461470932142832 0.2332940388434157 0
1.454430349443729 0.2146407297825854 0
1.468511514841934 0.2519473479042461 0
1.446732965797066 0.2495553178687471 0
1.424954416752199 0.2471632878332483 0
1.314432187012501 0.1358706238169921 0
1.329869166751847 0.1241493770652 0
1.333514155050536 0.1447874190087835 0
1.32622417845316 0.1035113351216164 0
1.345306146491195 0.1124281303134079 0
1.307142210415124 0.09459453992982494 0
1.322579190154471 0.08287329317803288 0
1.360743126230542 0.1007068835616158 0
1.36438811452923 0.1213449255051993 0
1.35237187718938 0.1499118379631577 0
1.336934897450034 0.1616330847149497 0
1.367808856928728 0.1381905912113656 0
1.371229599328225 0.1550362569175318 0
1.383245836668075 0.1264693444595735 0
1.390087321467069 0.160160675871906 0
1.374650341727722 0.1718819226236981 0
1.412423126847298 0.1823496188728677 0
1.416600223482265 0.2039541751929945 0
1.397685160501533 0.1986108978981991 0
1.435515286462997 0.20929745248779 0
1.420777320117232 0.2255587315131213 0
1.450253252808762 0.1930361734624585 0
1.406039353771467 0.2418200105384528 0
1.383629967663808 0.2116211870954465 0
1.379452871028841 0.1900166307753197 0
1.387807064298775 0.2332257434155733 0
1.369574774826082 0.2246314762926939 0
1.391984160933741 0.2548302997357003 0
1.355519581988357 0.2376417654899413 0
1.35134248535339 0.2160372091698145 0
1.277828396875297 0.1995972828507878 0
1.296047185655047 0.2033691186390053 0
1.282630926176417 0.2177319910024094 0
1.309463445133678 0.1890062462756012 0
1.314265974434797 0.2071409544272228 0
1.304660915832558 0.1708715381239796 0
1.322879704612308 0.1746433739121971 0
1.332484763214546 0.2109127902154403 0
1.319068503735915 0.2252756625788444 0
1.341737426751153 0.1797677928665713 0
1.360595148889997 0.1848922118209455 0
1.346539956052271 0.1979025010181929 0
1.28746526165062 0.2361097429525807 0
1.269246472870871 0.2323379071643631 0
1.30568405043037 0.2398815787407982 0
1.292299597124824 0.2544874949027519 0
1.323902839210119 0.2436534145290156 0
1.297133932599028 0.2728652468529231 0
1.278915143819279 0.2690934110647056 0
1.255258703110861 0.2465820965897946 0
1.250424367636657 0.2282043446396232 0
1.260093038585064 0.2649598485399658 0
1.24127093335085 0.260826286015226 0
1.222448828116637 0.2566927234904862 0
1.20856716327458 0.2011116955994486 0
1.213194384888598 0.2196387048964611 0
1.194579393514569 0.2153558850248801 0
1.231809376262628 0.2239215247680422 0
1.217821606502618 0.2381657141934737 0
1.245797146022638 0.2096773353426107 0
1.203833836742607 0.2524099036189051 0
1.180528843174314 0.2292264599800325 0
1.175901621560294 0.21069945068302 0
1.185156064788332 0.247753469277045 0
1.166478292834058 0.2430970349351849 0
1.147800520879783 0.2384406005933249 0
1.131744043547979 0.1821246905626249 0
1.13709620265858 0.2008966605728582 0
1.117693493207724 0.1959952655177772 0
1.156498912109437 0.2057980556279392 0
1.142448361769182 0.2196686305830916 0
1.170549462449693 0.1919274806727867 0
1.128397811428926 0.233539205538244 0
1.104067841991507 0.2094560770220177 0
1.098715682880905 0.1906841070117844 0
1.109420001102108 0.2282280470322511 0
1.09044219077529 0.2229168885262582 0
1.114772160212709 0.2470000170424845 0
1.076816539559073 0.2363777000304987 0
1.071464380448472 0.2176057300202654 0
0.08901682593900948 0.3952694238792039 0
0.1086596830818666 0.3952694238792039 0
0.1191050804494477 0.3805388477584078 0
0.1283025402247236 0.3952694238792039 0
0.1099076206741718 0.3658082716376118 0
0.1295504778170289 0.3658082716376118 0
0.1479453973675807 0.3952694238792039 0
1.053931494547876 0.1533328751308127 0
1.059775789848074 0.1747571600939636 0
1.040305843331659 0.1667936866350532 0
1.07924573636449 0.182720633552874 0
1.065620085148273 0.1961814450571145 0
1.092871387580706 0.1692598220486335 0
1.051994433932057 0.209642256561355 0
1.026944420105704 0.1843574188134428 0
1.021100124805506 0.1629331338502918 0
1.032788715405903 0.2057817037765937 0
1.013582996879749 0.2019211509918324 0
1.038633010706101 0.2272059887397446 0
1.000221573653793 0.219484883170222 0
0.9943772783535942 0.1980605982070711 0
1.87619223576535 0.2573995271427919 0
1.886064468286126 0.240643900102972 0
1.876077344808783 0.2238112640743025 0
1.895936700806902 0.2238882730631521 0
1.856217988810664 0.2237342550854529 0
1.86609022133144 0.206978628045633 0
1.905808933327678 0.2071326460233322 0
0.9154527472702274 0.1848611213934918 0
0.9346015634661703 0.1888354667263304 0
0.9235694065398097 0.2037012943869449 0
0.9456337203925309 0.1739696390657159 0
0.9537503796621132 0.192809812059169 0
0.9375170611229486 0.1551294660722627 0
0.9566658773188916 0.1591038114051014 0
0.9728991958580562 0.1967841573920076 0
0.9618670389316955 0.2116499850526221 0
1.876109908173163 0.393093037766406 0
1.885951029710848 0.3761279854751913 0
1.876346652169725 0.3592210232415973 0
1.895792151248533 0.3591629331839766 0
1.856901153090917 0.359279113299218 0
1.799408139836069 0.3600832338923915 0
1.818333217892064 0.3596811735958048 0
1.80829473829033 0.3765881358293988 0
1.837258295948059 0.359279113299218 0
1.817181336744591 0.393093037766406 0
0.9781439598144295 0.1603802522201648 0
0.9996220423099675 0.1616566930352283 0
0.986260619084012 0.179220425213618 0
0.916356982949359 0.293775642013338 0
0.8964171670721328 0.2868264985050146 0
0.9121393646365279 0.2750564521876936 0
0.8806949695077377 0.2985965448223356 0
0.8764773511949067 0.2798773549966912 0
0.8849125878205688 0.3173157346479799 0
0.8649727719433425 0.3103665911396565 0
0.8565375353176804 0.2729282114883677 0
0.8722597328820756 0.2611581651710467 0
0.9304840540822814 0.2242709560474226 0
0.9113352378863385 0.220296610714584 0
0.9496328702782244 0.2282453013802612 0
0.9373987016247534 0.2448406177079003 0
0.9687816864741674 0.2322196467130998 0
0.9443133491672253 0.265410279368378 0
0.9251645329712823 0.2614359340355393 0
0.8983100695515842 0.2339171288667382 0
0.8913954220091124 0.2133474672062605 0
0.9052247170940561 0.2544867905272159 0
0.8852849012168299 0.2475376470188925 0
0.8653450853396036 0.240588503510569 0
0.8468260271742041 0.186969131504095 0
0.8529990465626707 0.204842255506253 0
0.8338008588394498 0.2005896496562492 0
0.8721972342858915 0.2090948613562568 0
0.8591720659511372 0.222715379508411 0
0.8852224026206459 0.1954743432041026 0
0.8461468976163828 0.2363358976605652 0
1.516045999153822 0.2753509802335823 0
1.52474905179306 0.2925915951948156 0
1.543464404360976 0.2949498884278227 0
1.533452104432298 0.3098322101560489 0
1.553476704289656 0.2800675666995964 0
1.562179756928893 0.2973081816608297 0
1.542155157071535 0.3270728251172822 0
0.8205494643284479 0.2137266196545948 0
0.8143764449399814 0.1958534956524368 0
0.8267224837169144 0.2315997436567529 0
0.807298069817446 0.2268635896529406 0
0.8328955031053809 0.249472867658911 0
0.7940466753064441 0.2400005596512862 0
0.7878736559179776 0.2221274356491282 0
1.925160128349868 0.3083035587611605 0
1.915435275194284 0.2913266518452405 0
1.934966337990293 0.2914442336030998 0
1.836824193887448 0.393093037766406 0
1.846862673489182 0.376186075532812 0
1.856467051030306 0.393093037766406 0
0.7712018404149157 0.166391451715396 0
0.7767591122492696 0.18497011302664 0
0.7579504459039137 0.1795284217137416 0
0.7955677785946256 0.1904118043395384 0
0.7823163840836236 0.2035487743378841 0
0.8088191731056273 0.1772748343411928 0
0.7690649895726218 0.2166857443362298 0
0.8796696600772724 0.08351629350095446 0
0.8700327831678627 0.09912962437020642 0
0.8601716491074596 0.08342355246293949 0
0.8603959062584531 0.1147429552394584 0
0.8406736381376466 0.08333081142492452 0
1.788294677993379 0.1340061183695321 0
1.778861769074842 0.1164052111782092 0
1.759303609505129 0.1138280546501047 0
1.769428860156304 0.09880430398688644 0
1.749178358853953 0.128851805313323 0
1.739745449935415 0.1112508981220002 0
1.759995951237767 0.0812033967955636 0
1.856664624956697 0.2573116263837194 0
1.837137014148044 0.2572237256246469 0
1.846677501479354 0.2404789903550499 0
1.378861941327582 0.09378581576846723 0
1.396707670800446 0.08329371491644495 0
1.395744517859451 0.06745585193150488 0
1.41455340027331 0.07280161406442268 0
1.376935635445592 0.06211008979858711 0
1.394781364918456 0.05161798894656482 0
1.432399129746174 0.06230951321240039 0
0.7441406245290771 0.1933301788296905 0
0.7385833526947232 0.1747515175184464 0
0.7496978963634312 0.2119088401409345 0
0.7303308031542406 0.2071319359456393 0
0.7552551681977853 0.2304875014521786 0
0.716520981779404 0.2209336930615882 0
0.7109637099450501 0.2023550317503441 0
1.944931564025804 0.1395609905783109 0
1.935194928426893 0.1222677523394979 0
1.915610614442337 0.1218954593908795 0
1.925458292827982 0.104974514100685 0
1.905762936056692 0.1388164046810741 0
0.6375432086729608 0.1868125385935195 0
0.6559348880754894 0.190533322111225 0
0.6419788503626276 0.2049944383131767 0
0.6698909257883513 0.1760722059092732 0
0.6743265674780181 0.1942541056289304 0
0.6654552840986845 0.1578903061896161 0
0.6838469635012132 0.1616110897073215 0
0.6927182468805467 0.1979748891466358 0
0.6787622091676848 0.2124360053485875 0
0.7020924265657165 0.1659912323110297 0
0.7203378896302198 0.1703713749147381 0
0.7065280682553833 0.184173132030687 0
1.856217804518025 0.1897872422257015 0
1.876077160516143 0.1898642512145511 0
1.886064099700848 0.1727498743834691 0
1.895936516514263 0.1899412602034006 0
1.876191682887432 0.1555584885635376 0
1.896051038885552 0.1556354975523872 0
1.915795872512382 0.1900182691922502 0
0.9526785714285717 0.01666260069276602 0
0.9441654227034098 0.03366152661019539 0
0.9539868512748383 0.05032412730296142 0
0.9356522739782477 0.05066045252762476 0
0.972321428571429 0.04998780207829807 0
1.03125 0.05068502727001183 0
1.011607142857144 0.05033641467415495 0
1.021428571428572 0.03367381398138893 0
0.9919642857142863 0.04998780207829807 0
1.011607142857144 0.01666260069276602 0
0.1414603054263656 0.3038867161189192 0
0.1389060151548557 0.3163988634925518 0
0.1497961414534286 0.3192564735891856 0
0.1363517248833457 0.3289110108661844 0
0.1632405580235116 0.3096019363121868 0
0.1606862677520016 0.3221140836858194 0
0.1337974346118359 0.3414231582398169 0
1.83702879063291 0.1546280701461281 0
1.856610236760171 0.1550932793548328 0
1.846623297575468 0.1722076561859148 0
1.288729426215902 0.09037459720506161 0
1.266615364228254 0.08923964584044561 0
1.251847568327721 0.1056577450592658 0
1.244501302240607 0.08810469447582961 0
1.259193834414834 0.123210795642702 0
1.237079772427187 0.122075844278086 0
1.222387240252959 0.08696974311121361 0
0.6755254698386977 0.01746118828039805 0
0.6635509396773953 0.0349223765607961 0
0.6558826126958405 0.01746118828039805 0
0.6515764095160931 0.05238356484119415 0
0.6362397555529833 0.01746118828039805 0
0.3289473534822118 0.3957832836186955 0
0.348590210625069 0.3957832836186955 0
0.3632518498215673 0.381566567237391 0
0.3682330677679262 0.3957832836186955 0
0.3582706318752084 0.3673498508560865 0
0.3779134890180656 0.3673498508560865 0
0.3878759249107834 0.3957832836186955 0
0.6241277092450519 0.03403027108270526 0
0.6317960362266068 0.0514914593631033 0
0.6120156629371205 0.05059935388501246 0
0.6981538962311373 0.3933906854409999 0
0.7090612190695247 0.37930438212646 0
0.7000722581578056 0.36269506756746 0
0.719968541907912 0.3652180788119201 0
0.6801759744076992 0.3601720563229998 0
0.6910832972460865 0.3460857530084599 0
0.7308758647462994 0.3511317754973803 0
0.6174223061340782 0.3543081861947043 0
0.6389777116994602 0.357240121258852 0
0.6283238154683219 0.373849435817852 0
0.660533117264842 0.3601720563229998 0
0.6392253248025658 0.3933906854409999 0
1.203570638553987 0.1825288805112812 0
1.222185629928017 0.1868117003828623 0
1.235804096581455 0.172511705166276 0
1.240800621302046 0.1910945202544433 0
1.230807571860863 0.1539288900781086 0
1.249422563234893 0.1582117099496896 0
1.259415612676075 0.1953773401260244 0
1.299664391111967 0.1522887230358123 0
1.296019402813279 0.1316506810922287 0
1.277606618614056 0.1274307383674654 0
1.29237441451459 0.1110126391486451 0
1.262838822713523 0.1438488375862855 0
1.925507769683523 0.1731991763209371 0
1.915635352870108 0.1560077905010056 0
1.935219666854664 0.1563800834496241 0
0.6470079724033457 0.2227198825389246 0
0.628616293000817 0.2189990990212191 0
0.6653996518058745 0.2264406660566299 0
0.6520370944440639 0.2404453267646724 0
0.6837913312084031 0.2301614495743354 0
0.6570662164847821 0.2581707709904202 0
0.6386745370822535 0.2544499874727149 0
2.094103272013423 0.3382579255442786 0
2.104846411558637 0.355591398890332 0
2.12049367032435 0.3531832178188241 0
2.115589551103853 0.3729248722363854 0
2.125397789544846 0.3334415634012629 0
1.340698005251511 0.07595222538488429 0
1.358816820348551 0.0690311575917357 0
1.359779973289547 0.08486902057667577 0
0.9919642857142863 0.01666260069276602 0
0.9821428571428577 0.03332520138553205 0
0.972321428571429 0.01666260069276602 0
0.4223884446975988 0.2255271004029778 0
0.4075132758479351 0.2209603683481147 0
0.4194029801048 0.2113902848148254 0
0.3956235715910702 0.230530451881404 0
0.3926381069982714 0.2163936362932516 0
0.398609036183869 0.2446672674695564 0
0.3837338673342053 0.2401005354146933 0
0.3777629381486077 0.2118269042383886 0
0.3896526424054726 0.2022568207050993 0
1.170771561395066 0.3542759831707728 0
1.191255372385434 0.357722918013069 0
1.18019945411731 0.3739996337279473 0
1.211739183375802 0.3611698528553653 0
1.189627346839552 0.3937232842851217 0
0.6156273653942052 0.2316312162804475 0
0.6105982433534869 0.2139057720546996 0
0.6206564874349234 0.2493566605061953 0
0.6026384377875933 0.2442633335396758 0
0.5846203881402632 0.2391700065731564 0
1.008304914318511 0.3272816759621981 0
1.016015417982995 0.3123140442514514 0
1.026756467829683 0.3275758367896345 0
1.023725921647478 0.2973464125407046 0
1.045208021340854 0.327869997617071 0
2.186139379504213 0.196242643709845 0
2.186139379504213 0.1791593103765117 0
2.172278759008426 0.1704019540863567 0
2.186139379504213 0.1620759770431784 0
2.158418138512639 0.1787279311295351 0
2.158418138512639 0.1616445977962018 0
2.186139379504213 0.144992643709845 0
0.4916374474176152 0.0748650743415958 0
0.4742124267415389 0.07372986716592447 0
0.4629522292435816 0.08720784279863177 0
0.4567874060654626 0.07259465999025314 0
0.4691170524217006 0.1018210256070104 0
0.4516920317456243 0.1006858184313391 0
0.4393623853893863 0.0714594528145818 0
0.3145196151827093 0.3941764438883248 0
0.3291812543792075 0.3799597275070203 0
0.3294151552762032 0.3641361713953452 0
0.3438428935757058 0.3657430111257158 0
0.3149874169767006 0.3625293316649745 0
0.3296490561731989 0.34831261528367 0
0.3585045327722041 0.3515262947444113 0
1.272831872154706 0.1810144677626204 0
1.267835347434115 0.1624316526744529 0
1.286248131633337 0.1666515953992163 0
0.1805580827610462 0.05457451410420325 0
0.1704357783324386 0.04031270360822977 0
0.1533617862361975 0.03783997572853912 0
0.1603134739038311 0.02605089311225629 0
0.1464100985685638 0.04962905834482192 0
0.1362877941399563 0.03536724784884845 0
0.1501911694752235 0.01178908261628282 0
1.751295273692924 0.1880310547324496 0
1.763628408459743 0.1700227426114772 0
1.756403383656848 0.1494372739624 0
1.775961543226561 0.1520144304905046 0
1.736845224087134 0.1468601174342956 0
1.553677492328775 0.2293777886302332 0
1.541133661270457 0.2447021858313496 0
1.547305182780057 0.262384876265473 0
1.52858983021214 0.260026583032466 0
1.566020535347973 0.26474316949848 0
1.620589497792324 0.2902057457078339 0
1.6173856585645 0.2745150810754452 0
1.601253178252916 0.2719217858170351 0
1.614181819336677 0.2588244164430565 0
1.588324537169156 0.2850191551910136 0
1.585120697941333 0.269328490558625 0
1.610977980108854 0.2431337518106679 0
0.8530246657479521 0.1289284220033267 0
0.843163531687549 0.1132223500960598 0
0.8259311571166448 0.1117017449526613 0
0.8333023976271456 0.09751627818879292 0
0.8185599166061439 0.1258872117165297 0
0.8086987825457406 0.1101811398092628 0
0.8234412635667425 0.08181020628152599 0
0.658868181945423 0.3933906854409999 0
0.6695220781765611 0.3767813708819998 0
0.6785110390882801 0.3933906854409999 0
0.2219502810589924 0.3092303115909425 0
0.2292016789148588 0.2985433194854752 0
0.234876142787031 0.3056693695766348 0
0.2235272150426866 0.2914172693943156 0
0.2364530767707252 0.2878563273800079 0
0.210601353314648 0.2949782114086232 0
0.2493789384987639 0.2842953853657002 0
1.125945671252346 0.164785300578965 0
1.145348380703203 0.169686695634046 0
1.158952717858428 0.157248700705467 0
1.164751090154061 0.1745880906891268 0
1.153154345562796 0.1399093107218072 0
1.172557055013653 0.144810705776888 0
1.184153799604918 0.1794894857442078 0
0.3685032444424613 0.2347887150854787 0
0.3532726215507174 0.2294768947562643 0
0.3655177798496625 0.2206518994973264 0
0.3380419986589734 0.2241650744270497 0
0.3625323152568638 0.2065150839091741 0
0.5686342389527287 0.1904233671982966 0
0.5739629553485734 0.2066722469899165 0
0.5556453113461168 0.203055484457525 0
0.5922805993510303 0.2102890095223081 0
0.5792916717444183 0.2229211267815364 0
0.6052695269576421 0.1976568922630796 0
0.5663027441378063 0.2355532440407649 0
2.128674398072952 0.01221044855217908 0
2.119512106005154 0.02994075215518721 0
2.126757932649534 0.0421512007073663 0
2.110349813937358 0.04767105575819534 0
2.143166051361711 0.03663134565653725 0
2.134003759293915 0.05436164925954538 0
2.101187521869561 0.06540135936120348 0
2.102663181519703 0.1806528336302173 0
2.098668712363073 0.1977473168038951 0
2.106657650676332 0.1635583504565395 0
2.117959450070962 0.1713939196420457 0
2.11065211983296 0.1464638672828618 0
2.133255718622222 0.1621350056538741 0
2.129261249465593 0.1792294888275519 0
1.20927020398241 0.3937232842851217 0
1.220326122250534 0.3774465685702435 0
1.228913061125267 0.3937232842851217 0
1.231382040518659 0.3611698528553653 0
1.248555918268124 0.3937232842851217 0
2.186462853861125 0.1287386058245539 0
2.186462853861125 0.1116552724912206 0
2.172925707722251 0.1037272116491079 0
2.186462853861125 0.09457193915788728 0
2.159388561583376 0.1128824841403285 0
2.159388561583376 0.09579915080699519 0
2.186462853861125 0.07748860582455394 0
0.6181730195421657 0.1843058953573486 0
0.6321290572550278 0.1698447791553969 0
0.6267149058370947 0.1528770197172742 0
0.6460850949678896 0.1553836629534452 0
0.6073447167062997 0.1503703764811034 0
0.5435089096138173 0.2143716930659606 0
0.5381801932179724 0.1981228132743407 0
0.5488376260096621 0.2306205728575805 0
0.5313725078815177 0.2256879016743962 0
0.5541663424055069 0.2468694526492005 0
0.5192361061492181 0.2370041102828319 0
0.5139073897533732 0.2207552304912119 0
0.8392569688511733 0.2668513386480862 0
0.8198325549517048 0.2621151846442739 0
0.8067696067980288 0.2747575016296369 0
0.8004081410522365 0.2573790306404616 0
0.8131310725438211 0.2921359726188122 0
0.8958797028376141 0.182407468577261 0
0.9069118597639747 0.1675416409166466 0
0.8983709722577222 0.1502221604398012 0
0.9179440166903354 0.152675813256032 0
0.8787979278251089 0.1477685076235705 0
0.09759294319008155 0.2598795568138993 0
0.10434532245554 0.2502210880611995 0
0.1058890476865179 0.2613551089748513 0
0.1028015972245619 0.2390870671475478 0
0.1110977017209983 0.2405626193084998 0
0.09450549272812564 0.2376115149865959 0
0.101257871993584 0.2279530462338962 0
0.1178500809864566 0.2309041505558 0
0.1193938062174346 0.2420381714694518 0
1.030985851737859 0.2833536556699058 0
1.041726901584547 0.298615448208089 0
1.059727881521615 0.2998844838754735 0
1.052467951431235 0.3138772407462723 0
1.066987811611996 0.2858917270046746 0
1.077728861458684 0.3011535195428579 0
1.063209001277923 0.3291390332844555 0
1.679432293831355 0.3913172912470905 0
1.689221730519852 0.3726345824941809 0
1.699075150974212 0.3913172912470905 0
1.699011167208349 0.3539518737412714 0
1.718718008117069 0.3913172912470905 0
0.01281037915198446 0.3980215608887915 0
0.03245323629484154 0.3980215608887915 0
0.045263615446826 0.386043121777583 0
0.05209609343769861 0.3980215608887915 0
0.03843113745595338 0.3740646826663745 0
0.05807399459881046 0.3740646826663745 0
0.07173895058055568 0.3980215608887915 0
0.8827672886816669 0.3354564816446141 0
0.8815411196890519 0.3556850364032889 0
0.8679642212635588 0.3493143357239756 0
0.8951180181145451 0.3620557370826021 0
0.8803149506964369 0.3759135911619636 0
0.9099210855326532 0.3481978830032405 0
0.9086949165400382 0.3684264377619152 0
0.879088781703822 0.3961421459206384 0
0.8655118832783288 0.3897714452413252 0
0.4979598686853199 0.1762375666626214 0
0.5032757090413378 0.1910767879388182 0
0.4858234669530204 0.1875537752710569 0
0.520727951129655 0.1945998006065794 0
0.5085915493973555 0.205916009215015 0
0.5328643528619545 0.1832835919981438 0
0.496455147665056 0.2172322178234507 0
0.9890081092959264 0.2322394027897259 0
0.9767739406424554 0.248834719117365 0
0.9847661948107431 0.2654497915216301 0
0.9645397719889842 0.2654300354450041 0
1.004992617632502 0.2654695475982562 0
1.565590207314731 0.0707356286023656 0
1.563057632198007 0.05213184835133047 0
1.547088967617271 0.04845235594955555 0
1.560525057081283 0.03352806810029534 0
1.533652878153258 0.06337664379881577 0
1.531120303036534 0.04477286354778064 0
1.55799248196456 0.01492428784926021 0
0.4742660975423857 0.1983643909897641 0
0.4689502571863679 0.1835251697135672 0
0.4795819378984034 0.2132036122659609 0
0.462708728131751 0.2091750067084712 0
0.4848977782544213 0.2280428335421578 0
0.4511513587211162 0.2199856224271782 0
0.4458355183650985 0.2051464011509814 0
1.326816575090432 0.395378509322951 0
1.337160957496905 0.3786533292903076 0
1.32826324687305 0.3640318386132587 0
1.347505339903377 0.3619281492576643 0
1.309021153842723 0.366135527968853 0
1.319365536249196 0.3494103479362097 0
1.357849722309848 0.345202969225021 0
0.74232906515782 0.2435710852204037 0
0.729402962117855 0.2566546689886288 0
0.7229619719486295 0.2387941810251085 0
0.7164768590778898 0.2697382527568539 0
0.703594878739439 0.2340172768298133 0
0.05043219543389271 0.1117752652727921 0
0.03759886597950868 0.1208238015325729 0
0.03669774359586526 0.1321265451778215 0
0.02476553652512464 0.1298723377923537 0
0.04862995066660586 0.1343807525632892 0
2.144880992373765 0.1537165369540891 0
2.158741612869552 0.1453905599109107 0
2.159065087226464 0.1291365220256196 0
2.172602233365338 0.1370645828677323 0
2.145527941087589 0.1212084611835069 0
1.5786685031011 0.3946247614027735 0
1.598311360243957 0.3946247614027735 0
1.605551291916484 0.379249522805547 0
1.617954217386814 0.3946247614027735 0
1.593148366446155 0.3638742842083205 0
0.4383707190813595 0.2317549017748537 0
0.4264810148244946 0.2413249853081431 0
0.4305735849513904 0.2571228702133083 0
0.4145913105676297 0.2508950688414323 0
0.4465558593351511 0.2633506715851842 0
0.4346661550782862 0.2729207551184735 0
0.4027016063107648 0.2604651523747216 0
1.462358846658841 0.1828792185170484 0
1.474052445273903 0.165591321464761 0
1.46724297614325 0.1500910892245553 0
1.485746043888966 0.1483034244124736 0
1.448739908397536 0.151878754036637 0
1.398772172917651 0.1331580552203295 0
1.414298509167228 0.1398467659810856 0
1.402192915317149 0.1500037209264957 0
1.429824845416804 0.1465354767418416 0
1.405613657716645 0.166849386632662 0
1.538349624821703 0.01492428784926021 0
1.52491353535769 0.02984857569852042 0
1.518706767678845 0.01492428784926021 0
1.511477445893677 0.04477286354778064 0
1.499063910535988 0.01492428784926021 0
0.2568577428850314 0.2080815837340756 0
0.2531965776498633 0.2169204184989074 0
0.2600543205348947 0.2250020022329831 0
0.2495354124146952 0.2257592532637393 0
0.2705732286550943 0.2242447512022268 0
0.2669120634199261 0.2330835859670586 0
0.245874247179527 0.2345980880285712 0
0.388458316439471 0.01291082619551095 0
0.3688154592966139 0.01291082619551095 0
0.3644166328789421 0.0258216523910219 0
0.3491726021537567 0.01291082619551095 0
0.3796606636041275 0.03873247858653284 0
1.610364294903141 0.1407475416886105 0
1.629555703594078 0.1460443862749093 0
1.642931716597121 0.1323730051664628 0
1.648747112285015 0.1513412308612082 0
1.637116320909227 0.1134047794717175 0
0.7683256551140558 0.3561688614642113 0
0.7770611894185255 0.3702551647787511 0
0.7946146960361754 0.372769239501122 0
0.7857967237229954 0.3843414680932911 0
0.8034326683493554 0.361197010908953 0
0.8121682026538253 0.3752833142234929 0
0.7945322580274652 0.3984277714078309 0
1.591877817515494 0.238548430750523 0
1.578949176431733 0.2516458001245015 0
1.572777654922135 0.2339631096903781 0
0.8987316388466791 0.3961421459206384 0
0.9135347062647872 0.3822842918412768 0
0.9183744959895362 0.3961421459206384 0
0.9283377736828953 0.3684264377619152 0
0.9380173531323934 0.3961421459206384 0
1.423168555277595 0.04539569437607085 0
1.404359672863736 0.04004993224315306 0
1.413937980809015 0.0284818755397413 0
1.385550790449877 0.03470417011023528 0
1.404707406340436 0.01156805670341176 0
1.375812443754784 0.261679317924996 0
1.359640726575827 0.2685283361142919 0
1.357580154282092 0.2530850508021166 0
1.34346900939687 0.2753773543035878 0
1.339347864809399 0.2444907836792372 0
1.311474977836803 0.3363406878727938 0
1.330717070867129 0.3342369985171994 0
1.342068605485063 0.3190636490981891 0
1.349959163897456 0.3321333091616051 0
1.334178047072671 0.3059939890347733 0
0.4318425031158682 0.1611243936639951 0
0.4365068415322783 0.1757983961596572 0
0.4202851337052336 0.1719350093827022 0
0.4527285493593231 0.1796617829366122 0
0.4411711799486884 0.1904723986553193 0
0.4642859187699578 0.1688511672179051 0
0.4296138105380536 0.2012830143740264 0
0.1393812510511692 0.3533469431501863 0
0.1485787108264451 0.3680775192709823 0
0.1676069438358613 0.370346766904353 0
0.1577761706017211 0.3828080953917784 0
0.1774377170700016 0.3578854384169274 0
0.6841197224337638 0.3295717415030933 0
0.7040160061838703 0.3320947527475535 0
0.7169487151216543 0.3181037524866471 0
0.7239122899339768 0.3346177639920137 0
0.7099851403093316 0.3015897409812805 0
0.914211683810457 0.3119163890099722 0
0.9120663846715551 0.3300571360066063 0
0.898489486246062 0.3236864353272931 0
0.4889903483813171 0.243840718447323 0
0.4721171386146645 0.2398121128898332 0
0.4593364989749078 0.2515813922375087 0
0.455243928848012 0.2357835073323435 0
0.4634290691018036 0.267379277142674 0
0.1550200420762277 0.2346114299736836 0
0.1513588768410596 0.2257725952088517 0
0.1417342579766147 0.2250286861232079 0
0.1476977116058914 0.2169337604440199 0
0.1357708043473379 0.2331236118023959 0
0.1321096391121697 0.224284777037564 0
0.1440365463707232 0.208094925679188 0
2.187602969501523 0.01221044855217908 0
2.167960112358666 0.01221044855217908 0
2.155563081860189 0.02442089710435817 0
2.148317255215809 0.01221044855217908 0
2.162808908504569 0.03663134565653725 0
0.152825667621252 0.3436924058731875 0
0.166270084191335 0.3340378685961887 0
0.1718539006306683 0.3459616535065581 0
0.1797145007614179 0.3243833313191899 0
0.1908821336400846 0.3482309011399286 0
0.1437065916546667 0.1922909899673543 0
0.1473677568898348 0.1834521552025223 0
0.1410743485445016 0.1757431451698767 0
0.1510289221250031 0.1746133204376905 0
0.1311197749640002 0.1768729699020628 0
0.1347809401991684 0.1680341351372309 0
0.1546900873601713 0.1657744856728587 0
0.01281037915198446 0.3467715608887916 0
0.01281037915198446 0.3638548942221249 0
0.02562075830396892 0.3689597884442497 0
0.01281037915198446 0.3809382275554582 0
0.03843113745595338 0.3569813493330413 0
2.187345335364504 0.2444491779967025 0
2.174690670729008 0.2326483559934048 0
2.187345335364504 0.2273658446633691 0
2.162036006093512 0.2208475339901073 0
2.187345335364504 0.2102825113300357 0
1.109256000572842 0.1619269547642582 0
1.122860337728066 0.1494889598356793 0
1.119775004203786 0.1341926190923935 0
1.136464674883291 0.1370509649071003 0
1.103085333524281 0.1313342732776867 0
1.116689670679506 0.1188962783491078 0
1.150069012038516 0.1246129699785214 0
1.250714125912395 0.3628250778931945 0
1.270046211306131 0.3644803029310237 0
1.259301064787127 0.3791017936080727 0
1.289378296699866 0.366135527968853 0
1.26788800366186 0.395378509322951 0
0.245294884238783 0.1657308676460329 0
0.2489560494739511 0.1745697024108648 0
0.2588955946534067 0.1756559091162249 0
0.2526172147091193 0.1834085371756966 0
0.2651739745976942 0.1679032810567533 0
0.2688351398328623 0.1767421158215852 0
0.2562783799442875 0.1922473719405284 0
0.4100743032719799 0.1820422798235012 0
0.4054099648555698 0.1673682773278392 0
0.4147386416883899 0.1967162823191633 0
0.3998634728387263 0.1921495502643003 0
0.3849883039890626 0.1875828182094372 0
0.2142512297788946 0.3153821578637818 0
0.2085767659067224 0.3082561077726221 0
0.1952032507544523 0.3072819039543018 0
0.2029023020345501 0.3011300576814625 0
0.1875041994743545 0.313433750227141 0
0.1818297356021823 0.3063077001359814 0
0.1972278381623779 0.2940040075903029 0
1.532782126491869 0.09814199937434766 0
1.533217502322563 0.08075932158658169 0
1.5491861669033 0.08443881398835665 0
0.4370983146766851 0.2857662156186903 0
0.4211160402929245 0.2795384142468143 0
0.4075659255075627 0.2861560733751551 0
0.4051337659091637 0.2733106128749384 0
0.4099980851059616 0.299001533875372 0
0.3940158107222008 0.292773732503496 0
0.389151491525403 0.2670828115030624 0
0.422831321539216 0.3345638562950727 0
0.4275869859183723 0.3182979760696119 0
0.418792535512167 0.3086497549724919 0
0.4323426502975287 0.302032095844151 0
0.4052424207268052 0.3152674141008328 0
0.3975680821828532 0.3793363029667437 0
0.3925868642364942 0.3651195865854392 0
0.4072602394549229 0.3628893223147918 0
0.3876056462901353 0.3509028702041347 0
0.4169523967269927 0.3464423416628399 0
0.8019610398208732 0.08502370420184369 0
0.7945897993103723 0.09920917096571211 0
0.7804808160750039 0.08823720212216138 0
0.1986718323530212 0.3372813200478797 0
0.1930880159136879 0.3253575351375103 0
0.2064615310659579 0.3263317389558308 0
0.3094611425998107 0.1478535092456252 0
0.3017385103720368 0.1559641753464828 0
0.2982814164604713 0.1446574894595408 0
0.3051956042836025 0.1672708612334248 0
0.294015878144263 0.1640748414473404 0
0.3163753304229419 0.1704668810195092 0
0.3086526981951681 0.1785775471203668 0
0.2862932459164892 0.172185507548198 0
0.2828361520049235 0.160878821661256 0
1.202970401303889 0.08393034834414011 0
1.183908052170004 0.08299922611225999 0
1.171837479308048 0.09751288192862269 0
1.164845703036119 0.08206810388037987 0
1.178829255579977 0.1129576599768655 0
1.159766906446092 0.1120265377449854 0
1.145783353902235 0.08113698164849975 0
0.6635072066540075 0.2760312589539405 0
0.6703780452472596 0.2938780864703248 0
0.6901815927782956 0.2977339137258026 0
0.6772488838405117 0.311724913986709 0
0.7031143017160795 0.2837429134648962 0
1.070316107540011 0.1460000078464374 0
1.086700720532146 0.138667140562062 0
1.089786054056426 0.1539634813053478 0
0.5096481965205613 0.1231029503977989 0
0.5036446134862459 0.1070236583790646 0
0.4863808329539733 0.1044223419930375 0
0.4976410304519305 0.09094436636033018 0
0.4751206354560159 0.1179003176257448 0
0.05371134540940316 0.01206262972222709 0
0.04849411939023491 0.02412525944445419 0
0.03406848826654602 0.01206262972222709 0
0.04327689337106666 0.03618788916668128 0
0.01442563112368889 0.01206262972222709 0
0.2704645211002002 0.3130863791249785 0
0.2634359935663881 0.3034893812052191 0
0.2777159189560666 0.3023993870195112 0
0.2491560681767095 0.3045793753909269 0
0.256407466032576 0.2938923832854596 0
0.2419046703208432 0.3152663674963943 0
0.2636588638884424 0.2832053911799923 0
1.611506077796018 0.3041307468690463 0
1.602422657799711 0.3180557480302589 0
1.595373597484434 0.3015374516106363 0
1.593339237803405 0.3319807491914714 0
1.57924111717285 0.2989441563522262 0
1.743133562012265 0.07953179982359485 0
1.733008311361089 0.09455555048681313 0
1.726271172786763 0.07786020285162606 0
0.192167928316762 0.2565256156501519 0
0.1833290935519302 0.2528644504149837 0
0.1754970218686923 0.2593900660651356 0
0.1744902587870983 0.2492032851798156 0
0.1765037849502861 0.2695768469504556 0
0.1676649501854543 0.2659156817152875 0
0.1656514240222665 0.2455421199446475 0
0.1305483123323664 0.01178908261628282 0
0.1235966246647328 0.02357816523256563 0
0.1109054551895092 0.01178908261628282 0
2.145763473877144 0.1840104424595709 0
2.130467205325884 0.1932693564477425 0
2.131673161186176 0.2073092240679332 0
2.115170936774625 0.2025282704359142 0
2.148175385597726 0.2120901776999524 0
2.132879117046467 0.221349091688124 0
2.099874668223365 0.2117871844240858 0
0.3712471120441195 0.1478167886265699 0
0.3758275093591006 0.1610721318208591 0
0.3610362816108659 0.157924059067369 0
0.3906187371073352 0.1642202045743491 0
0.3804079066740815 0.1743274750151481 0
0.4008295675405888 0.15411293413355 0
0.3701970762408279 0.1844347454559472 0
0.2623860990096617 0.3977586281735124 0
0.2694150551621811 0.3855172563470248 0
0.2820289561525189 0.3977586281735124 0
0.2764440113147006 0.3732758845205372 0
0.301671813295376 0.3977586281735124 0
0.1281154175838117 0.2407789985659221 0
0.1213630383183534 0.2504374673186218 0
0.1233322704192721 0.2588367631677918 0
0.1146106590528951 0.2600959360713215 0
0.1320538817856493 0.2575775902642622 0
0.125301502520191 0.2672360590169619 0
0.1078582797874366 0.2697544048240213 0
2.187602969501523 0.06346044855217908 0
2.187602969501523 0.04637711521884575 0
2.175205939003046 0.0415042304376915 0
2.187602969501523 0.02929378188551241 0
2.162808908504569 0.05371467898987059 0
1.084436697901651 0.3261324351884674 0
1.091696627992031 0.3121396783176686 0
1.105664394525379 0.3231258370924793 0
2.108775743635766 0.228870648635053 0
2.125277968047317 0.233651602267072 0
2.117676819048167 0.2459541128460201 0
1.708912082776938 0.1715259436128124 0
1.722878653432036 0.159193030523554 0
1.730103678234931 0.1797784991726311 0
0.3518804166205216 0.1672002718257118 0
0.3473000193055406 0.1539449286314227 0
0.3564608139355026 0.1804556150200009 0
0.3427245516301772 0.1764764845840546 0
0.3610412112504836 0.19371095821429 0
0.3335686866398328 0.1857526973423974 0
0.3289882893248518 0.1724973541481084 0
0.8519098237896665 0.3230089081250195 0
0.8476922054768354 0.3042897182993751 0
0.8304116390103282 0.2982128454590936 0
0.8434745871640044 0.2855705284737307 0
0.8173486908566522 0.3108551624444566 0
1.225009199565231 0.1365895000944487 0
1.217662933478117 0.1190364495110125 0
1.198246094529047 0.115997054743939 0
1.210316667391003 0.1014833989275763 0
1.186175521667091 0.1305107105603017 0
1.197772266258355 0.1651894905276214 0
1.191973893962723 0.1478501005439616 0
1.211390732911793 0.1508894953110351 0
0.5632200875347957 0.173455607760174 0
0.5815377315372523 0.1770723702925655 0
0.594441224121776 0.1637213733868345 0
0.5998553755397091 0.180689132824957 0
0.5890270727038429 0.1467536139487118 0
0.8382851396679516 0.1696496510272497 0
0.8574833273911724 0.1739022568772535 0
0.8681406276081407 0.160835382250412 0
0.8766815151143932 0.1781548627272573 0
0.859599740101888 0.1435159017735668 0
0.5073274718123728 0.2459519484965155 0
0.494546832172616 0.2577212278441909 0
0.500103315963915 0.2716017372410589 0
0.4817661925328593 0.2694905071918665 0
0.5184404393949708 0.2737129672902514 0
0.8052976370343601 0.3195114886109623 0
0.7929736430609253 0.3317306128953786 0
0.7982031557051403 0.3464638119021658 0
0.7806496490874906 0.3439497371797949 0
0.8157566623227903 0.3489778866245367 0
0.08337427135295433 0.1266223044404592 0
0.08620812077700585 0.1152138239300831 0
0.09688843862214525 0.123930418201055 0
0.07552780293186645 0.1064972296591113 0
0.08904197020105736 0.1038053434197071 0
0.06201363566267554 0.1091891158985154 0
0.1025561374702483 0.1011134571803029 0
0.04560723214394502 0.3293582597936319 0
0.0420191847999492 0.3431698045633366 0
0.02920880564796474 0.3380649103412117 0
0.1128235111244991 0.1736711168118659 0
0.1051305667693558 0.1652148515223694 0
0.1171334222635236 0.1607076945799206 0
0.0931277112751879 0.1697220084648183 0
0.09743762241421244 0.1567585862328729 0
0.08881780013616333 0.1826854306967637 0
0.08112485578102002 0.1742291654072672 0
0.08974467805906916 0.1483023209433764 0
0.101747533553237 0.1437951640009276 0
1.729474266805665 0.3748123893100832 0
1.719620846351305 0.3561296805571736 0
1.740230525494261 0.3583074873730759 0
1.709767425896945 0.3374469718042641 0
1.750986784182857 0.3418025854360687 0
0.08218434794813687 0.3832909847679954 0
0.07535186995726426 0.371312545656787 0
0.09262974531571803 0.3685604086471994 0
0.3063007834112166 0.2861094579732582 0
0.2962403516067824 0.2786528217205806 0
0.3163612152156506 0.2935660942259358 0
0.3024688150389153 0.2972239790461549 0
0.3264216470200847 0.3010227304786134 0
0.2986368466666141 0.3083385001190516 0
0.2885764148621799 0.3008818638663739 0
0.4187136309550645 0.05554552870016331 0
0.4086285261165333 0.04133396119861252 0
0.3941445948603304 0.04003321989257268 0
0.3985434212780022 0.02712239369706174 0
0.3897457684426587 0.05294404608808363 0
1.046625264874389 0.2438210611440098 0
1.027419546348235 0.2399605083592485 0
1.016206081990369 0.2527150279787523 0
1.008213827822081 0.2360999555744872 0
1.024198336158657 0.2693301003830175 0
2.114363638120276 0.305594916054353 0
2.11988071383256 0.319518239727808 0
2.104233455066849 0.3219264207993158 0
0.3186170075901551 0.1385772964872824 0
0.3220741015017207 0.1498839823742244 0
0.3346870604036306 0.1519144555028236 0
0.3255311954132862 0.1611906682611663 0
0.3438429253939749 0.1426382427444807 0
0.6902323213776285 0.2480219375378557 0
0.696673311546854 0.265882425501376 0
0.6768697640158181 0.2620265982458981 0
1.287530860804717 0.395378509322951 0
1.298276007323721 0.380757018645902 0
1.307173717947574 0.395378509322951 0
0.1569892741771465 0.2430107258228536 0
0.1473646553127016 0.2422668167372097 0
0.1397092685491754 0.2499222035007359 0
0.1377400364482567 0.2415229076515659 0
0.1416785006500942 0.258321499349906 0
0.3114494848517058 0.1237777970992994 0
0.3240624437536157 0.1258082702278985 0
0.3295078799170764 0.1130392439685147 0
0.3366754026555256 0.1278387433564977 0
0.322340357178627 0.09823974458053161 0
0.3349533160805369 0.1002702177091308 0
0.3492883615574356 0.1298692164850969 0
1.299194504892764 0.2883085321650984 0
1.30328799587411 0.3043192507343302 0
1.318733021473391 0.3051566198845517 0
1.307381486855456 0.320329969303562 0
1.330084556091324 0.2899832704655415 0
0.2778911498534914 0.2514498409451304 0
0.2722308127437518 0.242646849517285 0
0.2835514869632308 0.2602528323729758 0
0.2726909910571175 0.261770355526113 0
0.2892118240729703 0.2690558238008212 0
0.2674908322607437 0.2720908701070957 0
0.2618304951510042 0.2632878786792502 0
1.724183068147103 0.3246930532116821 0
1.73859871039726 0.3119391346190999 0
1.744792747290059 0.3268708600275843 0
1.753014352647417 0.2991852160265178 0
1.765402426433015 0.3290486668434866 0
2.088422132477621 0.08784798533336331 0
2.076774987128547 0.105189943516626 0
2.080417716448784 0.1221167144379568 0
2.065127841779474 0.1225319016998887 0
2.095707591118093 0.1217015271760249 0
0.8210527650970474 0.1681290458838512 0
0.8317100653140157 0.1550621712570097 0
0.8251349909600798 0.1404746914867697 0
0.8423673655309839 0.1419952966301682 0
0.8079026163891756 0.1389540863433712 0
0.2617119046235523 0.2434041005480412 0
0.2565117458271784 0.2537246151290238 0
0.2511929965033527 0.2441613515787975 0
1.569228817244171 0.3138264780804524 0
1.576277877559449 0.330344774500075 0
1.559216517315492 0.3287087998086786 0
1.583326937874726 0.3468630709196976 0
1.549204217386813 0.3435911215369048 0
1.559025645958243 0.3606023348255277 0
1.576087006202199 0.3622383095169242 0
1.568847074529672 0.3776135481141506 0
0.5444654404759125 0.1715310201953852 0
0.5573689330604361 0.1581800232896542 0
0.5515177785860766 0.1429044388191344 0
0.5702724256449598 0.1448290263839231 0
0.5327631315271935 0.1409798512543458 0
1.424528720697377 0.1721926639274575 0
1.436634314547456 0.1620357089820472 0
1.443443783678109 0.1775359412222529 0
0.2717738968779306 0.1334254551015167 0
0.2754613152535949 0.1425765772880965 0
0.2640512646501567 0.1415361212023743 0
0.2868713658570331 0.1436170333738186 0
0.2791487336292592 0.1517276994746762 0
0.294593998084807 0.1355063672729611 0
0.2714261014014854 0.1598383655755338 0
0.2853798557006691 0.2801703448737178 0
0.2815478873283679 0.2912848659466146 0
0.2745193597945558 0.2816878680268551 0
1.064626244811457 0.2450900968113942 0
1.053412780453591 0.2578446164308981 0
1.060200296032793 0.2718681717177863 0
1.042199316095725 0.2705991360504019 0
1.078201275969862 0.2731372073851708 0
0.2795158624484998 0.3242559168779654 0
0.2652359370588213 0.3253459110636733 0
0.2600073530174424 0.3376054430023681 0
0.2509560116691428 0.3264359052493812 0
0.2690586943657419 0.348774980755355 0
1.488651627861711 0.03183810668558976 0
1.494858395540555 0.04676239453484997 0
1.478239345187433 0.0487519255219193 0
0.1281701964850135 0.1594805662338437 0
0.1381247700655149 0.1583507415016575 0
0.1414685999318614 0.1486673478660841 0
0.1480793436460164 0.1572209167694714 0
0.1348578562177065 0.1401137789626968 0
0.144812429798208 0.1389839542305107 0
0.1580339172265178 0.1560910920372853 0
0.8534608294560367 0.3984277714078309 0
0.8546869984486517 0.3781992166491561 0
0.8438621136189746 0.3666269880569871 0
0.8559131674412667 0.3579706618904813 0
0.8318110597966825 0.3752833142234929 0
0.8330372287892974 0.3550547594648181 0
0.8571393364338815 0.3377421071318066 0
2.11645552494134 0.07390966158274931 0
2.100047406229164 0.07942951663357835 0
2.132863643653517 0.06838980653192026 0
2.131723528013119 0.08241796380429511 0
2.149271762365694 0.0628699514810912 0
2.146991531084899 0.09092626602584095 0
2.130583412372722 0.09644612107666999 0
0.01442563112368889 0.02914596305556042 0
0.02885126224737777 0.04120859277778752 0
0.01442563112368889 0.04622929638889375 0
0.04327689337106666 0.05327122250001461 0
0.01442563112368889 0.06331262972222707 0
0.1600095634219281 0.2735710684788137 0
0.1590028003403343 0.2633842875934937 0
0.1503406504952142 0.2608528934716998 0
0.1579960372587404 0.2531975067081736 0
0.1426852637316881 0.2685082802352261 0
0.1079252128436351 0.1227032898549781 0
0.1050913634195836 0.1341117703653542 0
0.1107590622676866 0.111294809344602 0
0.1189619870651249 0.1214761615089011 0
0.1135929116917381 0.09988632883422596 0
0.1299987612866148 0.1202490331628242 0
0.1271649118625632 0.1316575136732003 0
0.2416074658631187 0.1565797454594531 0
0.2515470110425743 0.1576659521648133 0
0.2577991378463654 0.1496010366835938 0
0.2614865562220298 0.1587521588701736 0
0.2541117194707012 0.1404499144970141 0
1.143077235766587 0.1091681919302786 0
1.126387565087082 0.1063098461155718 0
1.136085459494658 0.09372341388203574 0
1.109697894407577 0.1034515003008649 0
1.129093683222729 0.07827863583379292 0
0.4101024658209307 0.1055611721942095 0
0.4154615806131383 0.1192976166212095 0
0.3995434509122008 0.1160516736060401 0
0.4313797103140758 0.1225435596363789 0
0.4208206954053459 0.1330340610482095 0
0.4419387252228058 0.1120530582245483 0
0.4472978400150134 0.1257895026515483 0
0.4261798101975535 0.1467705054752095 0
0.4102616804966159 0.1435245624600401 0
0.3658879972519119 0.1340803441995699 0
0.3806792250001466 0.13722841695306 0
0.3901113379561737 0.1266400452795501 0
0.3954704527483813 0.14037648970655 0
0.3847522231639661 0.1129036008525501 0
0.07579795436937825 0.2464970196412156 0
0.08515172354875195 0.2420542673139057 0
0.0866954487797299 0.2531882882275575 0
0.3487960529515384 0.2025359534732278 0
0.3365508946525932 0.2113609487321657 0
0.335059790646213 0.1985568230372816 0
1.602649589900825 0.1007456407921522 0
1.619882955405026 0.1070752101319349 0
1.606506942401983 0.1207465912403813 0
0.4921087142109605 0.1609619821921016 0
0.5095609562992778 0.1644849948598628 0
0.5211620439132356 0.1527324230571042 0
0.5270131983875952 0.1680080075276241 0
0.5153108894388762 0.1374568385865845 0
1.109574360243724 0.0788667982223516 0
1.099876465836148 0.09145323045588757 0
1.09005503726472 0.07945496061091026 0
0.377550170342857 0.2778646851669496 0
0.3799823299412559 0.2907101456671664 0
0.365948849160311 0.2886465588308368 0
0.3824144895396548 0.3035556061673832 0
0.354347527977765 0.299428432494724 0
1.774520539603581 0.3115237088142867 0
1.768326502710783 0.2965919834058023 0
1.783638652774148 0.2939987507850869 0
0.1204772521298701 0.1510243009443472 0
0.1127843077747268 0.1425680356548507 0
0.1238210819962167 0.1413409073087737 0
0.08247314896931091 0.1379250480857077 0
0.07179283112417151 0.1292084538147358 0
0.06021139089538868 0.1317946031890125 0
0.06111251327903211 0.120491859543764 0
0.05931026851174526 0.1430973468342611 0
0.7834354324063356 0.1572456632580544 0
0.7956690243977556 0.1480998748007128 0
0.8022440987516914 0.1626873545709528 0
0.3011032799121316 0.1839381283582968 0
0.2935538616290952 0.1892987095962267 0
0.2899235537727922 0.1807421085722123 0
0.2860044433460589 0.1946592908341566 0
0.2787438276334528 0.1775460887861279 0
0.1219984767058535 0.1775088923451463 0
0.1099956212116856 0.1820160492875952 0
0.1071677312988721 0.1903609817633243 0
0.09799276571751775 0.186523206230044 0
0.1163426968802266 0.1941987572966047 0
0.1043398413860587 0.1987059142390535 0
0.08598991022334987 0.1910303631724929 0
1.102581865465093 0.2557124138233799 0
1.090391570717477 0.2644248106042754 0
1.083604055138275 0.2504012553173871 0
2.173484714868717 0.2015251550398808 0
2.160830050233221 0.2068076663699165 0
2.15962409437293 0.1927677987497258 0
0.8141751151703224 0.3984277714078309 0
0.8229930874835024 0.3868555428156619 0
0.8338179723131796 0.3984277714078309 0
0.4748449336786878 0.1583606658060745 0
0.4864460212926457 0.1466080940033159 0
0.4807833283743308 0.1322542058145304 0
0.4980471089066034 0.1348555222005574 0
0.4635195478420582 0.1296528894285033 0
1.325963411503854 0.259096699841191 0
1.32802398379759 0.2745399851533662 0
1.312578958198308 0.2737026160031447 0
0.1508247642474448 0.08074105134857004 0
0.1607358704186453 0.07201887226711445 0
0.167898756343686 0.0832137792282607 0
0.1535729844936045 0.06082396530596819 0
0.1706469765898457 0.06329669318565885 0
0.1364989923973634 0.05835123742627753 0
0.187720968686087 0.06576942106534951 0
0.947838781703822 0.3791309326320155 0
0.9429989919790729 0.3652730785526539 0
0.9576602102752505 0.3621197193433926 0
0.5422577080686615 0.2558172908628841 0
0.5303490737318162 0.2647651290765677 0
0.5247925899405171 0.2508846196796998 0
1.385064549197578 0.01156805670341176 0
1.375486241252299 0.02313611340682352 0
1.365421692054721 0.01156805670341176 0
0.3503499768034825 0.3375842225403144 0
0.3647777151029851 0.3391910622706851 0
0.3359222385039798 0.3359773828099437 0
0.3421954208347608 0.3236421503362175 0
0.3214945002044772 0.334370543079573 0
0.3340408648660391 0.3097000781321206 0
0.3484686031655417 0.3113069178624913 0
0.2766779122116963 0.3574523284088621 0
0.289291813202034 0.3696937002353496 0
0.3021396150893673 0.3661115159501621 0
0.3019057141923716 0.3819350720618372 0
0.302373515986363 0.3502879598384869 0
0.4424015180245982 0.1506338922521645 0
0.4529605329333282 0.1401433908403339 0
0.458623225851643 0.1544972790291195 0
0.2042928081728894 0.1145869355476897 0
0.2049764011880057 0.1246937298908438 0
0.1979492209546513 0.1196796169705379 0
0.2120035814213601 0.1297078428111496 0
0.2056599942031219 0.1348005242339978 0
0.2183471686395981 0.1246151613883014 0
0.2190307616547144 0.1347219557314554 0
0.2063435872182381 0.1449073185771518 0
0.1993164069848838 0.139893205656846 0
0.2994230730624057 0.1279688806935087 0
0.3048685092258663 0.1151998544341249 0
0.2982875336000268 0.1066219117689503 0
0.3103139453893269 0.102430828174741 0
0.2862611218107267 0.1108129953631597 0
0.3201484646893038 0.3133579629523396 0
0.3138752823585228 0.3256931954260659 0
0.3062560645125684 0.3170158477725588 0
0.3076021000277419 0.3380284278997921 0
0.2923636643358331 0.3206737325927778 0
0.4296090788665678 0.08282669260779102 0
0.4234442556884488 0.06821350979941239 0
0.4357739020446867 0.09743987541616966 0
0.4198557723437493 0.09419393240100027 0
0.4039376426428117 0.09094798938583086 0
0.201231722360619 0.2594630403293659 0
0.193399650677381 0.2659886559795178 0
0.1946313730379999 0.2754516963088837 0
0.1855675789941431 0.2725142716296696 0
0.2036951670818569 0.2783891209880977 0
0.1958630953986189 0.2849147366382496 0
0.1777355073109051 0.2790398872798215 0
2.134226141692958 0.1133728919980008 0
2.118958138621179 0.1048645897764549 0
2.107332864869636 0.1132830584762399 0
2.1036901355494 0.09635628755490913 0
2.110975594189872 0.1302098293975707 0
0.344385429036564 0.08968184603562082 0
0.3515529517750133 0.1044813454236038 0
0.3681525874694897 0.108692473138077 0
0.3587204745134627 0.1192808448115869 0
0.3775847004255168 0.098104101464567 0
0.2488803666754899 0.09890899826609621 0
0.2543178848676903 0.1075551696561782 0
0.2440512916978912 0.1064464848455485 0
0.2645844780374894 0.1086638544668078 0
0.2597554030598907 0.1162013410462601 0
0.2694135530150881 0.1011263678873555 0
0.2748510712072885 0.1097725392774375 0
0.2651929212520911 0.1248475124363422 0
0.254926328082292 0.1237388276257125 0
2.133579192979134 0.1458809677685829 0
2.122277393584503 0.1380453985830768 0
2.133902667336046 0.1296269298832919 0
0.02725896057807292 0.07134742679577966 0
0.04168459170176181 0.06632672318467342 0
0.04009229003245696 0.07938222386933222 0
2.160528677223773 0.08177099353462032 0
2.161668792864171 0.06774283626224546 0
2.174065823362648 0.07261572104339971 0
0.1666436028115067 0.1569705335156349 0
0.1754824375763386 0.1533093682804669 0
0.1774813794471725 0.1456352408554293 0
0.1843212723411704 0.1496482030452987 0
0.1706414865531747 0.1416222786655598 0
0.1794803213180066 0.1379611134303916 0
0.1931601071060022 0.1459870378101306 0
0.07385332669126177 0.1638518925495985 0
0.06658179760150351 0.1534746196919298 0
0.07816323783028634 0.1508884703176531 0
0.2151824219830701 0.14856848381232 0
0.2215260092013082 0.1434758023894718 0
0.2240212567479019 0.1522296490474881 0
0.2278695964195462 0.1383831209666236 0
0.2328600915127337 0.1558908142826564 0
0.1314334128174866 0.2922660510450721 0
0.1409587963523004 0.2860343901896526 0
0.1400955626626065 0.2947974451668659 0
0.1418220300419942 0.2772713352124394 0
0.1504841798871142 0.2798027293342332 0
0.1331598801968742 0.2747399410906455 0
0.1591463297322343 0.2823341234560269 0
0.1185394027138462 0.09026272207987419 0
0.1267423275112845 0.1004440742441733 0
0.1398917433308309 0.1010018196541207 0
0.1349452523087228 0.1106254264084725 0
0.144838234352939 0.09137821289976894 0
0.1530411591503774 0.1015595650640681 0
0.1431481771061612 0.1208067785727716 0
0.2871350802944542 0.3329332645314726 0
0.2947542981404085 0.3416106121849798 0
0.2819064962530753 0.3451927964701673 0
0.207602664331074 0.1066296953344046 0
0.2146298445644284 0.1116438082547103 0
0.2249668809559672 0.108700680961731 0
0.2216570247977827 0.1166579211750162 0
0.2282767371141519 0.1007434407484459 0
0.2353039173475062 0.1057575536687517 0
0.228684205031137 0.1216720340953221 0
0.192476514090886 0.1358802434669766 0
0.1856366211968882 0.1318672812771071 0
0.1917929210757698 0.1257734491238225 0
0.1787967283028904 0.1278543190872377 0
0.1911093280606536 0.1156666547806685 0
0.1700364560308072 0.2851917335526608 0
0.1605110724959933 0.2914233944080803 0
0.1618758152597524 0.3005126653601335 0
0.1509856889611795 0.2976550552634997 0
0.1727659415583254 0.3033702754567674 0
0.237431579381522 0.1223609652721189 0
0.2341217232233375 0.1303182054854041 0
0.2407414355397066 0.1144037250588337 0
0.246178953731907 0.1230498964489157 0
0.2516164719241074 0.1316960678389977 0
0.1616508447353663 0.1024390065424178 0
0.1567043537132582 0.1120626132967696 0
0.1603675482761391 0.122565661529471 0
0.1517578626911501 0.1216862200511213 0
0.168977233861128 0.1234451030078207 0
0.1640307428390199 0.1330687097621725 0
0.146811371669042 0.1313098268054731 0
0.8398587699673744 0.3316652342915252 0
0.8278077161450823 0.3403215604580309 0
0.8225782035008673 0.3255883614512438 0
0.3625020839464866 0.3133705046988209 0
0.3765355647274316 0.3154340915351505 0
0.3706566399152084 0.3273125769029178 0
0.3905690455083766 0.3174976783714801 0
0.37881119588393 0.3412546491070147 0
0.2599086878005905 0.2008039729645428 0
0.2667664306856219 0.2088855566986184 0
0.2766751184862124 0.2096895296631611 0
0.2736241735706533 0.2169671404326939 0
0.2797260634017715 0.2024119188936283 0
0.11571665746412 0.2772582868977049 0
0.1244382688304971 0.2759991139941752 0
0.1235750351408033 0.2847621689713885 0
0.3934845711023587 0.3390243848363673 0
0.399363495914582 0.3271458994686001 0
0.4081579463207873 0.33679412056572 0
0.1083765470998468 0.2085271408474864 0
0.09920158151849234 0.2046893653142061 0
0.09406332165092599 0.2106728163893587 0
0.09002661593713793 0.2008515897809258 0
0.09810002736471404 0.2204940429977916 0
0.1812898336188912 0.1112574387012516 0
0.1874461334977727 0.105163606547967 0
0.1751335337400096 0.1173512708545362 0
0.1714703391771288 0.1068482226218347 0
0.1678071446142479 0.0963451743891332 0
0.3894537113866089 0.08964724807979102 0
0.3992070179094274 0.07828000828658178 0
0.394476393176043 0.06561202718733271 0
0.4089603244322459 0.06691276849337255 0
0.3799924619198402 0.06431128588129287 0
0.2724654476891654 0.1852987168455996 0
0.2760957555454684 0.1938553178696139 0
0.266187067744878 0.1930513449050711 0
0.122988340854023 0.2249206994806475 0
0.1289517944832997 0.2168257738014595 0
0.1257939498544297 0.209366770565355 0
0.1349152481125765 0.2087308481222715 0
0.1166726515962831 0.2100026930084384 0
0.1226361052255598 0.2019077673292504 0
0.1408787017418532 0.2006359224430835 0
0.356254439997656 0.08122499265084483 0
0.3681234509587481 0.07276813926606884 0
0.3728540756921325 0.08543612036531792 0
0.1345852933965199 0.1929269124104377 0
0.1254639951383733 0.1935628348535213 0
0.1282918850511867 0.185217902377792 0
0.2766029718555293 0.1258879685220644 0
0.281432046833128 0.118350481942612 0
0.2880130224589675 0.1269284246077866 0
0.1534221153831969 0.1398633957088604 0
0.1620318009681858 0.1407428371872101 0
0.1600328590973518 0.1484169646122477 0
0.239112218316525 0.1478258988014368 0
0.2366169707699312 0.1390720521434204 0
0.2453643451203162 0.1397609833202172 0
0.2077858877899502 0.08036690501265956 0
0.1975404631278493 0.07017863714476641 0
0.218031312452051 0.0905551728805527 0
0.2076942760605121 0.09349830017353206 0
0.1973572396689731 0.09644142746651141 0
0.1881640441185211 0.2910665829110888 0
0.1804649928384232 0.2972184291839281 0
0.1791002500746642 0.2881291582318748 0
0.1245259326083519 0.07962556052867531 0
0.1305124625028576 0.06898839897747641 0
0.1376753484278984 0.08018330593862268 0
0.1876293569566488 0.07890081622622201 0
0.1875377452272108 0.0920322113870945 0
0.1777182507854484 0.08762299530767761 0
0.2623901144796048 0.07949504620777995 0
0.2659018337473464 0.09031070704756776 0
0.2556352405775474 0.08920202223693809 0
0.1146922363575867 0.2234451473196956 0
0.1063961318611504 0.2219695951587435 0
0.1115343917287167 0.215986144083591 0
2.185261262077639 0.3731750122491054 0
2.170522524155279 0.3534333578315442 0
2.185261262077639 0.3560916789157721 0
0.2189093918902826 0.2521407098590296 0
0.2113022794860697 0.2652649154235637 0
0.2100705571254508 0.2558018750941977 0
$EndNodes
$Elements
9 7216 1 7216
1 1 1 24
1 14 13 
2 13 19 
3 19 12 
4 12 24 
5 24 11 
6 11 18 
7 18 10 
8 10 23 
9 23 9 
10 9 17 
11 17 8 
12 8 22 
13 22 7 
14 7 16 
15 16 6 
16 6 21 
17 21 5 
18 5 15 
19 15 4 
20 4 20 
21 20 3 
22 3 1 
23 1 2 
24 2 25 
1 2 1 112
25 25 68 
26 68 82 
27 82 53 
28 53 137 
29 137 52 
30 52 109 
31 109 51 
32 51 136 
33 136 50 
34 50 108 
35 108 49 
36 49 135 
37 135 48 
38 48 107 
39 107 47 
40 47 134 
41 134 46 
42 46 106 
43 106 45 
44 45 133 
45 133 44 
46 44 105 
47 105 43 
48 43 132 
49 132 42 
50 42 104 
51 104 41 
52 41 131 
53 131 26 
54 26 103 
55 103 39 
56 39 130 
57 130 38 
58 38 102 
59 102 37 
60 37 129 
61 129 36 
62 36 101 
63 101 35 
64 35 128 
65 128 34 
66 34 100 
67 100 33 
68 33 127 
69 127 32 
70 32 99 
71 99 31 
72 31 126 
73 126 30 
74 30 98 
75 98 29 
76 29 125 
77 125 28 
78 28 97 
79 97 27 
80 27 96 
81 96 40 
82 40 124 
83 124 81 
84 81 123 
85 123 80 
86 80 95 
87 95 79 
88 79 122 
89 122 78 
90 78 94 
91 94 77 
92 77 121 
93 121 76 
94 76 93 
95 93 75 
96 75 120 
97 120 74 
98 74 92 
99 92 73 
100 73 119 
101 119 72 
102 72 91 
103 91 71 
104 71 118 
105 118 70 
106 70 90 
107 90 69 
108 69 117 
109 117 54 
110 54 89 
111 89 67 
112 67 116 
113 116 66 
114 66 88 
115 88 65 
116 65 115 
117 115 64 
118 64 87 
119 87 63 
120 63 114 
121 114 62 
122 62 86 
123 86 61 
124 61 113 
125 113 60 
126 60 85 
127 85 59 
128 59 112 
129 112 58 
130 58 84 
131 84 57 
132 57 111 
133 111 56 
134 56 83 
135 83 55 
136 55 110 
1 3 1 24
137 110 138 
138 138 156 
139 156 149 
140 149 161 
141 161 148 
142 148 155 
143 155 147 
144 147 160 
145 160 146 
146 146 154 
147 154 145 
148 145 159 
149 159 144 
150 144 153 
151 153 143 
152 143 158 
153 158 142 
154 142 152 
155 152 141 
156 141 157 
157 157 140 
158 140 151 
159 151 139 
160 139 150 
1 4 1 112
161 150 204 
162 204 218 
163 218 189 
164 189 259 
165 259 188 
166 188 245 
167 245 187 
168 187 272 
169 272 186 
170 186 244 
171 244 185 
172 185 271 
173 271 184 
174 184 243 
175 243 183 
176 183 270 
177 270 182 
178 182 242 
179 242 181 
180 181 269 
181 269 180 
182 180 241 
183 241 179 
184 179 268 
185 268 178 
186 178 240 
187 240 177 
188 177 267 
189 267 162 
190 162 239 
191 239 175 
192 175 266 
193 266 174 
194 174 238 
195 238 173 
196 173 265 
197 265 172 
198 172 237 
199 237 171 
200 171 264 
201 264 170 
202 170 236 
203 236 169 
204 169 263 
205 263 168 
206 168 235 
207 235 167 
208 167 262 
209 262 166 
210 166 234 
211 234 165 
212 165 261 
213 261 164 
214 164 233 
215 233 163 
216 163 246 
217 246 176 
218 176 260 
219 260 217 
220 217 232 
221 232 216 
222 216 231 
223 231 215 
224 215 258 
225 258 214 
226 214 230 
227 230 213 
228 213 257 
229 257 212 
230 212 229 
231 229 211 
232 211 256 
233 256 210 
234 210 228 
235 228 209 
236 209 255 
237 255 208 
238 208 227 
239 227 207 
240 207 254 
241 254 206 
242 206 226 
243 226 205 
244 205 253 
245 253 190 
246 190 225 
247 225 203 
248 203 252 
249 252 202 
250 202 224 
251 224 201 
252 201 251 
253 251 200 
254 200 223 
255 223 199 
256 199 250 
257 250 198 
258 198 222 
259 222 197 
260 197 249 
261 249 196 
262 196 221 
263 221 195 
264 195 248 
265 248 194 
266 194 220 
267 220 193 
268 193 247 
269 247 192 
270 192 219 
271 219 191 
272 191 14 
1 5 1 8
273 273 278 
274 278 276 
275 276 279 
276 279 275 
277 275 280 
278 280 277 
279 277 281 
280 281 274 
1 6 1 8
281 274 286 
282 286 284 
283 284 287 
284 287 283 
285 283 288 
286 288 285 
287 285 289 
288 289 282 
1 7 1 8
289 282 294 
290 294 292 
291 292 295 
292 295 291 
293 291 296 
294 296 293 
295 293 297 
296 297 290 
1 8 1 8
297 290 301 
298 301 299 
299 299 302 
300 302 298 
301 298 303 
302 303 300 
303 300 304 
304 304 273 
2 1 2 6912
305 351 1093 1095 
306 1093 1094 1095 
307 1093 483 1094 
308 1095 1094 485 
309 483 1096 1094 
310 1096 1097 1094 
311 1096 484 1097 
312 1094 1097 485 
313 483 1098 1096 
314 1098 1099 1096 
315 1098 353 1099 
316 1096 1099 484 
317 485 1097 1101 
318 1097 1100 1101 
319 1097 484 1100 
320 1101 1100 270 
321 253 1102 1104 
322 1102 1103 1104 
323 1102 486 1103 
324 1104 1103 488 
325 486 1105 1103 
326 1105 1106 1103 
327 1105 487 1106 
328 1103 1106 488 
329 486 1107 1105 
330 1107 1108 1105 
331 1107 456 1108 
332 1105 1108 487 
333 488 1106 1110 
334 1106 1109 1110 
335 1106 487 1109 
336 1110 1109 407 
337 368 1111 1113 
338 1111 1112 1113 
339 1111 489 1112 
340 1113 1112 491 
341 489 1114 1112 
342 1114 1115 1112 
343 1114 490 1115 
344 1112 1115 491 
345 489 1116 1114 
346 1116 1117 1114 
347 1116 421 1117 
348 1114 1117 490 
349 491 1115 1119 
350 1115 1118 1119 
351 1115 490 1118 
352 1119 1118 322 
353 159 1120 1122 
354 1120 1121 1122 
355 1120 492 1121 
356 1122 1121 494 
357 492 1123 1121 
358 1123 1124 1121 
359 1123 493 1124 
360 1121 1124 494 
361 492 1125 1123 
362 1125 1126 1123 
363 1125 364 1126 
364 1123 1126 493 
365 494 1124 1128 
366 1124 1127 1128 
367 1124 493 1127 
368 1128 1127 350 
369 137 1129 53 
370 1129 1130 53 
371 1129 495 1130 
372 53 1130 82 
373 495 1131 1130 
374 1131 1132 1130 
375 1131 496 1132 
376 1130 1132 82 
377 495 1133 1131 
378 1133 1134 1131 
379 1133 448 1134 
380 1131 1134 496 
381 82 1132 68 
382 1132 1135 68 
383 1132 496 1135 
384 68 1135 25 
385 329 1136 1138 
386 1136 1137 1138 
387 1136 497 1137 
388 1138 1137 499 
389 497 1139 1137 
390 1139 1140 1137 
391 1139 498 1140 
392 1137 1140 499 
393 497 1141 1139 
394 1141 1142 1139 
395 1141 442 1142 
396 1139 1142 498 
397 499 1140 1144 
398 1140 1143 1144 
399 1140 498 1143 
400 1144 1143 343 
401 379 1145 1147 
402 1145 1146 1147 
403 1145 500 1146 
404 1147 1146 502 
405 500 1148 1146 
406 1148 1149 1146 
407 1148 501 1149 
408 1146 1149 502 
409 500 1150 1148 
410 1150 1151 1148 
411 1150 413 1151 
412 1148 1151 501 
413 502 1149 1153 
414 1149 1152 1153 
415 1149 501 1152 
416 1153 1152 311 
417 468 1154 1156 
418 1154 1155 1156 
419 1154 503 1155 
420 1156 1155 505 
421 503 1157 1155 
422 1157 1158 1155 
423 1157 504 1158 
424 1155 1158 505 
425 503 1159 1157 
426 1159 1160 1157 
427 1159 471 1160 
428 1157 1160 504 
429 505 1158 1162 
430 1158 1161 1162 
431 1158 504 1161 
432 1162 1161 352 
433 328 1163 1165 
434 1163 1164 1165 
435 1163 506 1164 
436 1165 1164 508 
437 506 1166 1164 
438 1166 1167 1164 
439 1166 507 1167 
440 1164 1167 508 
441 506 1168 1166 
442 1168 1169 1166 
443 1168 452 1169 
444 1166 1169 507 
445 508 1167 1171 
446 1167 1170 1171 
447 1167 507 1170 
448 1171 1170 283 
449 325 1172 1174 
450 1172 1173 1174 
451 1172 509 1173 
452 1174 1173 511 
453 509 1175 1173 
454 1175 1176 1173 
455 1175 510 1176 
456 1173 1176 511 
457 509 1177 1175 
458 1177 1178 1175 
459 1177 359 1178 
460 1175 1178 510 
461 511 1176 1180 
462 1176 1179 1180 
463 1176 510 1179 
464 1180 1179 358 
465 425 1181 1183 
466 1181 1182 1183 
467 1181 512 1182 
468 1183 1182 514 
469 512 1184 1182 
470 1184 1185 1182 
471 1184 513 1185 
472 1182 1185 514 
473 512 1186 1184 
474 1186 1187 1184 
475 1186 439 1187 
476 1184 1187 513 
477 514 1185 1189 
478 1185 1188 1189 
479 1185 513 1188 
480 1189 1188 337 
481 253 1104 205 
482 1104 1190 205 
483 1104 488 1190 
484 205 1190 226 
485 488 1191 1190 
486 1191 1192 1190 
487 1191 515 1192 
488 1190 1192 226 
489 488 1110 1191 
490 1110 1193 1191 
491 1110 407 1193 
492 1191 1193 515 
493 226 1192 206 
494 1192 1194 206 
495 1192 515 1194 
496 206 1194 254 
497 367 1195 1197 
498 1195 1196 1197 
499 1195 516 1196 
500 1197 1196 517 
501 516 1198 1196 
502 1198 1199 1196 
503 1198 489 1199 
504 1196 1199 517 
505 516 1200 1198 
506 1200 1116 1198 
507 1200 421 1116 
508 1198 1116 489 
509 517 1199 1201 
510 1199 1111 1201 
511 1199 489 1111 
512 1201 1111 368 
513 159 1202 1120 
514 1202 1203 1120 
515 1202 518 1203 
516 1120 1203 492 
517 518 1204 1203 
518 1204 1205 1203 
519 1204 519 1205 
520 1203 1205 492 
521 518 1206 1204 
522 1206 1207 1204 
523 1206 451 1207 
524 1204 1207 519 
525 492 1205 1125 
526 1205 1208 1125 
527 1205 519 1208 
528 1125 1208 364 
529 400 1209 1211 
530 1209 1210 1211 
531 1209 520 1210 
532 1211 1210 522 
533 520 1212 1210 
534 1212 1213 1210 
535 1212 521 1213 
536 1210 1213 522 
537 520 1214 1212 
538 1214 1215 1212 
539 1214 409 1215 
540 1212 1215 521 
541 522 1213 1217 
542 1213 1216 1217 
543 1213 521 1216 
544 1217 1216 391 
545 371 1218 1220 
546 1218 1219 1220 
547 1218 523 1219 
548 1220 1219 525 
549 523 1221 1219 
550 1221 1222 1219 
551 1221 524 1222 
552 1219 1222 525 
553 523 1223 1221 
554 1223 1224 1221 
555 1223 373 1224 
556 1221 1224 524 
557 525 1222 1226 
558 1222 1225 1226 
559 1222 524 1225 
560 1226 1225 312 
561 309 1227 1229 
562 1227 1228 1229 
563 1227 526 1228 
564 1229 1228 527 
565 526 1230 1228 
566 1230 1231 1228 
567 1230 486 1231 
568 1228 1231 527 
569 526 1232 1230 
570 1232 1107 1230 
571 1232 456 1107 
572 1230 1107 486 
573 527 1231 1233 
574 1231 1102 1233 
575 1231 486 1102 
576 1233 1102 253 
577 358 1234 1180 
578 1234 1235 1180 
579 1234 528 1235 
580 1180 1235 511 
581 528 1236 1235 
582 1236 1237 1235 
583 1236 529 1237 
584 1235 1237 511 
585 528 1238 1236 
586 1238 1239 1236 
587 1238 420 1239 
588 1236 1239 529 
589 511 1237 1174 
590 1237 1240 1174 
591 1237 529 1240 
592 1174 1240 325 
593 343 1143 1242 
594 1143 1241 1242 
595 1143 498 1241 
596 1242 1241 531 
597 498 1243 1241 
598 1243 1244 1241 
599 1243 530 1244 
600 1241 1244 531 
601 498 1142 1243 
602 1142 1245 1243 
603 1142 442 1245 
604 1243 1245 530 
605 531 1244 1247 
606 1244 1246 1247 
607 1244 530 1246 
608 1247 1246 393 
609 131 1248 1250 
610 1248 1249 1250 
611 1248 532 1249 
612 1250 1249 534 
613 532 1251 1249 
614 1251 1252 1249 
615 1251 533 1252 
616 1249 1252 534 
617 532 1253 1251 
618 1253 1254 1251 
619 1253 445 1254 
620 1251 1254 533 
621 534 1252 1256 
622 1252 1255 1256 
623 1252 533 1255 
624 1256 1255 437 
625 270 1257 1101 
626 1257 1258 1101 
627 1257 535 1258 
628 1101 1258 485 
629 535 1259 1258 
630 1259 1260 1258 
631 1259 536 1260 
632 1258 1260 485 
633 535 1261 1259 
634 1261 1262 1259 
635 1261 462 1262 
636 1259 1262 536 
637 485 1260 1095 
638 1260 1263 1095 
639 1260 536 1263 
640 1095 1263 351 
641 437 1255 1265 
642 1255 1264 1265 
643 1255 533 1264 
644 1265 1264 538 
645 533 1266 1264 
646 1266 1267 1264 
647 1266 537 1267 
648 1264 1267 538 
649 533 1254 1266 
650 1254 1268 1266 
651 1254 445 1268 
652 1266 1268 537 
653 538 1267 1270 
654 1267 1269 1270 
655 1267 537 1269 
656 1270 1269 392 
657 351 1271 1093 
658 1271 1272 1093 
659 1271 539 1272 
660 1093 1272 483 
661 539 1273 1272 
662 1273 1274 1272 
663 1273 540 1274 
664 1272 1274 483 
665 539 1275 1273 
666 1275 1276 1273 
667 1275 480 1276 
668 1273 1276 540 
669 483 1274 1098 
670 1274 1277 1098 
671 1274 540 1277 
672 1098 1277 353 
673 317 1278 1280 
674 1278 1279 1280 
675 1278 541 1279 
676 1280 1279 543 
677 541 1281 1279 
678 1281 1282 1279 
679 1281 542 1282 
680 1279 1282 543 
681 541 1283 1281 
682 1283 1284 1281 
683 1283 473 1284 
684 1281 1284 542 
685 543 1282 1286 
686 1282 1285 1286 
687 1282 542 1285 
688 1286 1285 442 
689 384 1287 1289 
690 1287 1288 1289 
691 1287 544 1288 
692 1289 1288 545 
693 544 1290 1288 
694 1290 1291 1288 
695 1290 500 1291 
696 1288 1291 545 
697 544 1292 1290 
698 1292 1150 1290 
699 1292 413 1150 
700 1290 1150 500 
701 545 1291 1293 
702 1291 1145 1293 
703 1291 500 1145 
704 1293 1145 379 
705 342 1294 1296 
706 1294 1295 1296 
707 1294 546 1295 
708 1296 1295 548 
709 546 1297 1295 
710 1297 1298 1295 
711 1297 547 1298 
712 1295 1298 548 
713 546 1299 1297 
714 1299 1300 1297 
715 1299 436 1300 
716 1297 1300 547 
717 548 1298 1302 
718 1298 1301 1302 
719 1298 547 1301 
720 1302 1301 429 
721 373 1303 1224 
722 1303 1304 1224 
723 1303 549 1304 
724 1224 1304 524 
725 549 1305 1304 
726 1305 1306 1304 
727 1305 550 1306 
728 1304 1306 524 
729 549 1307 1305 
730 1307 1308 1305 
731 1307 427 1308 
732 1305 1308 550 
733 524 1306 1225 
734 1306 1309 1225 
735 1306 550 1309 
736 1225 1309 312 
737 409 1310 1215 
738 1310 1311 1215 
739 1310 551 1311 
740 1215 1311 521 
741 551 1312 1311 
742 1312 1313 1311 
743 1312 552 1313 
744 1311 1313 521 
745 551 1314 1312 
746 1314 1315 1312 
747 1314 463 1315 
748 1312 1315 552 
749 521 1313 1216 
750 1313 1316 1216 
751 1313 552 1316 
752 1216 1316 391 
753 337 1188 1318 
754 1188 1317 1318 
755 1188 513 1317 
756 1318 1317 554 
757 513 1319 1317 
758 1319 1320 1317 
759 1319 553 1320 
760 1317 1320 554 
761 513 1187 1319 
762 1187 1321 1319 
763 1187 439 1321 
764 1319 1321 553 
765 554 1320 1323 
766 1320 1322 1323 
767 1320 553 1322 
768 1323 1322 416 
769 433 1324 1326 
770 1324 1325 1326 
771 1324 555 1325 
772 1326 1325 557 
773 555 1327 1325 
774 1327 1328 1325 
775 1327 556 1328 
776 1325 1328 557 
777 555 1329 1327 
778 1329 1330 1327 
779 1329 438 1330 
780 1327 1330 556 
781 557 1328 1332 
782 1328 1331 1332 
783 1328 556 1331 
784 1332 1331 360 
785 311 1333 1153 
786 1333 1334 1153 
787 1333 558 1334 
788 1153 1334 502 
789 558 1335 1334 
790 1335 1336 1334 
791 1335 559 1336 
792 1334 1336 502 
793 558 1337 1335 
794 1337 1338 1335 
795 1337 470 1338 
796 1335 1338 559 
797 502 1336 1147 
798 1336 1339 1147 
799 1336 559 1339 
800 1147 1339 379 
801 257 1340 213 
802 1340 1341 213 
803 1340 560 1341 
804 213 1341 230 
805 560 1342 1341 
806 1342 1343 1341 
807 1342 561 1343 
808 1341 1343 230 
809 560 1344 1342 
810 1344 1345 1342 
811 1344 408 1345 
812 1342 1345 561 
813 230 1343 214 
814 1343 1346 214 
815 1343 561 1346 
816 214 1346 258 
817 354 1347 1349 
818 1347 1348 1349 
819 1347 562 1348 
820 1349 1348 564 
821 562 1350 1348 
822 1350 1351 1348 
823 1350 563 1351 
824 1348 1351 564 
825 562 1352 1350 
826 1352 1353 1350 
827 1352 356 1353 
828 1350 1353 563 
829 564 1351 1355 
830 1351 1354 1355 
831 1351 563 1354 
832 1355 1354 324 
833 390 1356 1358 
834 1356 1357 1358 
835 1356 565 1357 
836 1358 1357 566 
837 565 1359 1357 
838 1359 1360 1357 
839 1359 538 1360 
840 1357 1360 566 
841 565 1361 1359 
842 1361 1265 1359 
843 1361 437 1265 
844 1359 1265 538 
845 566 1360 1362 
846 1360 1270 1362 
847 1360 538 1270 
848 1362 1270 392 
849 358 1363 1234 
850 1363 1364 1234 
851 1363 567 1364 
852 1234 1364 528 
853 567 1365 1364 
854 1365 1366 1364 
855 1365 568 1366 
856 1364 1366 528 
857 567 1367 1365 
858 1367 1368 1365 
859 1367 431 1368 
860 1365 1368 568 
861 528 1366 1238 
862 1366 1369 1238 
863 1366 568 1369 
864 1238 1369 420 
865 390 1370 1356 
866 1370 1371 1356 
867 1370 569 1371 
868 1356 1371 565 
869 569 1372 1371 
870 1372 1373 1371 
871 1372 570 1373 
872 1371 1373 565 
873 569 1374 1372 
874 1374 1375 1372 
875 1374 463 1375 
876 1372 1375 570 
877 565 1373 1361 
878 1373 1376 1361 
879 1373 570 1376 
880 1361 1376 437 
881 386 1377 1379 
882 1377 1378 1379 
883 1377 571 1378 
884 1379 1378 573 
885 571 1380 1378 
886 1380 1381 1378 
887 1380 572 1381 
888 1378 1381 573 
889 571 1382 1380 
890 1382 1383 1380 
891 1382 446 1383 
892 1380 1383 572 
893 573 1381 1385 
894 1381 1384 1385 
895 1381 572 1384 
896 1385 1384 323 
897 323 1386 1385 
898 1386 1387 1385 
899 1386 574 1387 
900 1385 1387 573 
901 574 1388 1387 
902 1388 1389 1387 
903 1388 575 1389 
904 1387 1389 573 
905 574 1390 1388 
906 1390 1391 1388 
907 1390 449 1391 
908 1388 1391 575 
909 573 1389 1379 
910 1389 1392 1379 
911 1389 575 1392 
912 1379 1392 386 
913 423 1393 1395 
914 1393 1394 1395 
915 1393 576 1394 
916 1395 1394 577 
917 576 1396 1394 
918 1396 1397 1394 
919 1396 505 1397 
920 1394 1397 577 
921 576 1398 1396 
922 1398 1156 1396 
923 1398 468 1156 
924 1396 1156 505 
925 577 1397 1399 
926 1397 1162 1399 
927 1397 505 1162 
928 1399 1162 352 
929 259 1400 1402 
930 1400 1401 1402 
931 1400 578 1401 
932 1402 1401 579 
933 578 1403 1401 
934 1403 1404 1401 
935 1403 503 1404 
936 1401 1404 579 
937 578 1405 1403 
938 1405 1159 1403 
939 1405 471 1159 
940 1403 1159 503 
941 579 1404 1406 
942 1404 1154 1406 
943 1404 503 1154 
944 1406 1154 468 
945 307 1407 1409 
946 1407 1408 1409 
947 1407 580 1408 
948 1409 1408 581 
949 580 1410 1408 
950 1410 1411 1408 
951 1410 555 1411 
952 1408 1411 581 
953 580 1412 1410 
954 1412 1329 1410 
955 1412 438 1329 
956 1410 1329 555 
957 581 1411 1413 
958 1411 1324 1413 
959 1411 555 1324 
960 1413 1324 433 
961 271 1414 185 
962 1414 1415 185 
963 1414 582 1415 
964 185 1415 244 
965 582 1416 1415 
966 1416 1417 1415 
967 1416 583 1417 
968 1415 1417 244 
969 582 1418 1416 
970 1418 1419 1416 
971 1418 349 1419 
972 1416 1419 583 
973 244 1417 186 
974 1417 1420 186 
975 1417 583 1420 
976 186 1420 272 
977 391 1421 1217 
978 1421 1422 1217 
979 1421 584 1422 
980 1217 1422 522 
981 584 1423 1422 
982 1423 1424 1422 
983 1423 585 1424 
984 1422 1424 522 
985 584 1425 1423 
986 1425 1426 1423 
987 1425 418 1426 
988 1423 1426 585 
989 522 1424 1211 
990 1424 1427 1211 
991 1424 585 1427 
992 1211 1427 400 
993 420 1369 1429 
994 1369 1428 1429 
995 1369 568 1428 
996 1429 1428 587 
997 568 1430 1428 
998 1430 1431 1428 
999 1430 586 1431 
1000 1428 1431 587 
1001 568 1368 1430 
1002 1368 1432 1430 
1003 1368 431 1432 
1004 1430 1432 586 
1005 587 1431 1434 
1006 1431 1433 1434 
1007 1431 586 1433 
1008 1434 1433 306 
1009 317 1280 1436 
1010 1280 1435 1436 
1011 1280 543 1435 
1012 1436 1435 588 
1013 543 1437 1435 
1014 1437 1438 1435 
1015 1437 497 1438 
1016 1435 1438 588 
1017 543 1286 1437 
1018 1286 1141 1437 
1019 1286 442 1141 
1020 1437 1141 497 
1021 588 1438 1439 
1022 1438 1136 1439 
1023 1438 497 1136 
1024 1439 1136 329 
1025 21 1440 1442 
1026 1440 1441 1442 
1027 1440 589 1441 
1028 1442 1441 591 
1029 589 1443 1441 
1030 1443 1444 1441 
1031 1443 590 1444 
1032 1441 1444 591 
1033 589 1445 1443 
1034 1445 1446 1443 
1035 1445 448 1446 
1036 1443 1446 590 
1037 591 1444 1448 
1038 1444 1447 1448 
1039 1444 590 1447 
1040 1448 1447 405 
1041 389 1449 1451 
1042 1449 1450 1451 
1043 1449 592 1450 
1044 1451 1450 594 
1045 592 1452 1450 
1046 1452 1453 1450 
1047 1452 593 1453 
1048 1450 1453 594 
1049 592 1454 1452 
1050 1454 1455 1452 
1051 1454 456 1455 
1052 1452 1455 593 
1053 594 1453 1457 
1054 1453 1456 1457 
1055 1453 593 1456 
1056 1457 1456 432 
1057 160 1458 1460 
1058 1458 1459 1460 
1059 1458 595 1459 
1060 1460 1459 597 
1061 595 1461 1459 
1062 1461 1462 1459 
1063 1461 596 1462 
1064 1459 1462 597 
1065 595 1463 1461 
1066 1463 1464 1461 
1067 1463 350 1464 
1068 1461 1464 596 
1069 597 1462 1466 
1070 1462 1465 1466 
1071 1462 596 1465 
1072 1466 1465 337 
1073 305 1467 1469 
1074 1467 1468 1469 
1075 1467 598 1468 
1076 1469 1468 600 
1077 598 1470 1468 
1078 1470 1471 1468 
1079 1470 599 1471 
1080 1468 1471 600 
1081 598 1472 1470 
1082 1472 1473 1470 
1083 1472 426 1473 
1084 1470 1473 599 
1085 600 1471 1475 
1086 1471 1474 1475 
1087 1471 599 1474 
1088 1475 1474 383 
1089 271 1476 1414 
1090 1476 1477 1414 
1091 1476 601 1477 
1092 1414 1477 582 
1093 601 1478 1477 
1094 1478 1479 1477 
1095 1478 602 1479 
1096 1477 1479 582 
1097 601 1480 1478 
1098 1480 1481 1478 
1099 1480 353 1481 
1100 1478 1481 602 
1101 582 1479 1418 
1102 1479 1482 1418 
1103 1479 602 1482 
1104 1418 1482 349 
1105 258 1346 1484 
1106 1346 1483 1484 
1107 1346 561 1483 
1108 1484 1483 604 
1109 561 1485 1483 
1110 1485 1486 1483 
1111 1485 603 1486 
1112 1483 1486 604 
1113 561 1345 1485 
1114 1345 1487 1485 
1115 1345 408 1487 
1116 1485 1487 603 
1117 604 1486 1489 
1118 1486 1488 1489 
1119 1486 603 1488 
1120 1489 1488 320 
1121 247 1490 193 
1122 1490 1491 193 
1123 1490 605 1491 
1124 193 1491 220 
1125 605 1492 1491 
1126 1492 1493 1491 
1127 1492 606 1493 
1128 1491 1493 220 
1129 605 1494 1492 
1130 1494 1495 1492 
1131 1494 403 1495 
1132 1492 1495 606 
1133 220 1493 194 
1134 1493 1496 194 
1135 1493 606 1496 
1136 194 1496 248 
1137 308 1497 1499 
1138 1497 1498 1499 
1139 1497 607 1498 
1140 1499 1498 608 
1141 607 1500 1498 
1142 1500 1501 1498 
1143 1500 516 1501 
1144 1498 1501 608 
1145 607 1502 1500 
1146 1502 1200 1500 
1147 1502 421 1200 
1148 1500 1200 516 
1149 608 1501 1503 
1150 1501 1195 1503 
1151 1501 516 1195 
1152 1503 1195 367 
1153 429 1301 1505 
1154 1301 1504 1505 
1155 1301 547 1504 
1156 1505 1504 610 
1157 547 1506 1504 
1158 1506 1507 1504 
1159 1506 609 1507 
1160 1504 1507 610 
1161 547 1300 1506 
1162 1300 1508 1506 
1163 1300 436 1508 
1164 1506 1508 609 
1165 610 1507 1510 
1166 1507 1509 1510 
1167 1507 609 1509 
1168 1510 1509 113 
1169 326 1511 1513 
1170 1511 1512 1513 
1171 1511 611 1512 
1172 1513 1512 613 
1173 611 1514 1512 
1174 1514 1515 1512 
1175 1514 612 1515 
1176 1512 1515 613 
1177 611 1516 1514 
1178 1516 1517 1514 
1179 1516 402 1517 
1180 1514 1517 612 
1181 613 1515 1519 
1182 1515 1518 1519 
1183 1515 612 1518 
1184 1519 1518 401 
1185 402 1520 1522 
1186 1520 1521 1522 
1187 1520 614 1521 
1188 1522 1521 616 
1189 614 1523 1521 
1190 1523 1524 1521 
1191 1523 615 1524 
1192 1521 1524 616 
1193 614 1525 1523 
1194 1525 1526 1523 
1195 1525 410 1526 
1196 1523 1526 615 
1197 616 1524 1528 
1198 1524 1527 1528 
1199 1524 615 1527 
1200 1528 1527 399 
1201 324 1529 1355 
1202 1529 1530 1355 
1203 1529 617 1530 
1204 1355 1530 564 
1205 617 1531 1530 
1206 1531 1532 1530 
1207 1531 618 1532 
1208 1530 1532 564 
1209 617 1533 1531 
1210 1533 1534 1531 
1211 1533 459 1534 
1212 1531 1534 618 
1213 564 1532 1349 
1214 1532 1535 1349 
1215 1532 618 1535 
1216 1349 1535 354 
1217 268 1536 1538 
1218 1536 1537 1538 
1219 1536 619 1537 
1220 1538 1537 621 
1221 619 1539 1537 
1222 1539 1540 1537 
1223 1539 620 1540 
1224 1537 1540 621 
1225 619 1541 1539 
1226 1541 1542 1539 
1227 1541 382 1542 
1228 1539 1542 620 
1229 621 1540 1544 
1230 1540 1543 1544 
1231 1540 620 1543 
1232 1544 1543 316 
1233 432 1456 1546 
1234 1456 1545 1546 
1235 1456 593 1545 
1236 1546 1545 622 
1237 593 1547 1545 
1238 1547 1548 1545 
1239 1547 526 1548 
1240 1545 1548 622 
1241 593 1455 1547 
1242 1455 1232 1547 
1243 1455 456 1232 
1244 1547 1232 526 
1245 622 1548 1549 
1246 1548 1227 1549 
1247 1548 526 1227 
1248 1549 1227 309 
1249 356 1550 1353 
1250 1550 1551 1353 
1251 1550 623 1551 
1252 1353 1551 563 
1253 623 1552 1551 
1254 1552 1553 1551 
1255 1552 624 1553 
1256 1551 1553 563 
1257 623 1554 1552 
1258 1554 1555 1552 
1259 1554 424 1555 
1260 1552 1555 624 
1261 563 1553 1354 
1262 1553 1556 1354 
1263 1553 624 1556 
1264 1354 1556 324 
1265 160 1460 147 
1266 1460 1557 147 
1267 1460 597 1557 
1268 147 1557 155 
1269 597 1558 1557 
1270 1558 1559 1557 
1271 1558 625 1559 
1272 1557 1559 155 
1273 597 1466 1558 
1274 1466 1560 1558 
1275 1466 337 1560 
1276 1558 1560 625 
1277 155 1559 148 
1278 1559 1561 148 
1279 1559 625 1561 
1280 148 1561 161 
1281 20 1562 4 
1282 1562 1563 4 
1283 1562 626 1563 
1284 4 1563 15 
1285 626 1564 1563 
1286 1564 1565 1563 
1287 1564 589 1565 
1288 1563 1565 15 
1289 626 1566 1564 
1290 1566 1445 1564 
1291 1566 448 1445 
1292 1564 1445 589 
1293 15 1565 5 
1294 1565 1440 5 
1295 1565 589 1440 
1296 5 1440 21 
1297 322 1567 1119 
1298 1567 1568 1119 
1299 1567 627 1568 
1300 1119 1568 491 
1301 627 1569 1568 
1302 1569 1570 1568 
1303 1569 628 1570 
1304 1568 1570 491 
1305 627 1571 1569 
1306 1571 1572 1569 
1307 1571 457 1572 
1308 1569 1572 628 
1309 491 1570 1113 
1310 1570 1573 1113 
1311 1570 628 1573 
1312 1113 1573 368 
1313 364 1574 1126 
1314 1574 1575 1126 
1315 1574 629 1575 
1316 1126 1575 493 
1317 629 1576 1575 
1318 1576 1577 1575 
1319 1576 630 1577 
1320 1575 1577 493 
1321 629 1578 1576 
1322 1578 1579 1576 
1323 1578 477 1579 
1324 1576 1579 630 
1325 493 1577 1127 
1326 1577 1580 1127 
1327 1577 630 1580 
1328 1127 1580 350 
1329 249 1581 197 
1330 1581 1582 197 
1331 1581 631 1582 
1332 197 1582 222 
1333 631 1583 1582 
1334 1583 1584 1582 
1335 1583 632 1584 
1336 1582 1584 222 
1337 631 1585 1583 
1338 1585 1586 1583 
1339 1585 406 1586 
1340 1583 1586 632 
1341 222 1584 198 
1342 1584 1587 198 
1343 1584 632 1587 
1344 198 1587 250 
1345 257 1588 1340 
1346 1588 1589 1340 
1347 1588 633 1589 
1348 1340 1589 560 
1349 633 1590 1589 
1350 1590 1591 1589 
1351 1590 634 1591 
1352 1589 1591 560 
1353 633 1592 1590 
1354 1592 1593 1590 
1355 1592 479 1593 
1356 1590 1593 634 
1357 560 1591 1344 
1358 1591 1594 1344 
1359 1591 634 1594 
1360 1344 1594 408 
1361 159 1122 145 
1362 1122 1595 145 
1363 1122 494 1595 
1364 145 1595 154 
1365 494 1596 1595 
1366 1596 1597 1595 
1367 1596 595 1597 
1368 1595 1597 154 
1369 494 1128 1596 
1370 1128 1463 1596 
1371 1128 350 1463 
1372 1596 1463 595 
1373 154 1597 146 
1374 1597 1458 146 
1375 1597 595 1458 
1376 146 1458 160 
1377 375 1598 1600 
1378 1598 1599 1600 
1379 1598 635 1599 
1380 1600 1599 636 
1381 635 1601 1599 
1382 1601 1602 1599 
1383 1601 549 1602 
1384 1599 1602 636 
1385 635 1603 1601 
1386 1603 1307 1601 
1387 1603 427 1307 
1388 1601 1307 549 
1389 636 1602 1604 
1390 1602 1303 1604 
1391 1602 549 1303 
1392 1604 1303 373 
1393 326 1605 1511 
1394 1605 1606 1511 
1395 1605 637 1606 
1396 1511 1606 611 
1397 637 1607 1606 
1398 1607 1608 1606 
1399 1607 638 1608 
1400 1606 1608 611 
1401 637 1609 1607 
1402 1609 1610 1607 
1403 1609 403 1610 
1404 1607 1610 638 
1405 611 1608 1516 
1406 1608 1611 1516 
1407 1608 638 1611 
1408 1516 1611 402 
1409 313 1612 1614 
1410 1612 1613 1614 
1411 1612 639 1613 
1412 1614 1613 640 
1413 639 1615 1613 
1414 1615 1616 1613 
1415 1615 544 1616 
1416 1613 1616 640 
1417 639 1617 1615 
1418 1617 1292 1615 
1419 1617 413 1292 
1420 1615 1292 544 
1421 640 1616 1618 
1422 1616 1287 1618 
1423 1616 544 1287 
1424 1618 1287 384 
1425 391 1316 1620 
1426 1316 1619 1620 
1427 1316 552 1619 
1428 1620 1619 641 
1429 552 1621 1619 
1430 1621 1622 1619 
1431 1621 569 1622 
1432 1619 1622 641 
1433 552 1315 1621 
1434 1315 1374 1621 
1435 1315 463 1374 
1436 1621 1374 569 
1437 641 1622 1623 
1438 1622 1370 1623 
1439 1622 569 1370 
1440 1623 1370 390 
1441 367 1624 1503 
1442 1624 1625 1503 
1443 1624 642 1625 
1444 1503 1625 608 
1445 642 1626 1625 
1446 1626 1627 1625 
1447 1626 643 1627 
1448 1625 1627 608 
1449 642 1628 1626 
1450 1628 1629 1626 
1451 1628 435 1629 
1452 1626 1629 643 
1453 608 1627 1499 
1454 1627 1630 1499 
1455 1627 643 1630 
1456 1499 1630 308 
1457 325 1631 1172 
1458 1631 1632 1172 
1459 1631 644 1632 
1460 1172 1632 509 
1461 644 1633 1632 
1462 1633 1634 1632 
1463 1633 645 1634 
1464 1632 1634 509 
1465 644 1635 1633 
1466 1635 1636 1633 
1467 1635 458 1636 
1468 1633 1636 645 
1469 509 1634 1177 
1470 1634 1637 1177 
1471 1634 645 1637 
1472 1177 1637 359 
1473 248 1496 1639 
1474 1496 1638 1639 
1475 1496 606 1638 
1476 1639 1638 646 
1477 606 1640 1638 
1478 1640 1641 1638 
1479 1640 637 1641 
1480 1638 1641 646 
1481 606 1495 1640 
1482 1495 1609 1640 
1483 1495 403 1609 
1484 1640 1609 637 
1485 646 1641 1642 
1486 1641 1605 1642 
1487 1641 637 1605 
1488 1642 1605 326 
1489 401 1643 1519 
1490 1643 1644 1519 
1491 1643 647 1644 
1492 1519 1644 613 
1493 647 1645 1644 
1494 1645 1646 1644 
1495 1645 648 1646 
1496 1644 1646 613 
1497 647 1647 1645 
1498 1647 1648 1645 
1499 1647 406 1648 
1500 1645 1648 648 
1501 613 1646 1513 
1502 1646 1649 1513 
1503 1646 648 1649 
1504 1513 1649 326 
1505 326 1649 1651 
1506 1649 1650 1651 
1507 1649 648 1650 
1508 1651 1650 649 
1509 648 1652 1650 
1510 1652 1653 1650 
1511 1652 631 1653 
1512 1650 1653 649 
1513 648 1648 1652 
1514 1648 1585 1652 
1515 1648 406 1585 
1516 1652 1585 631 
1517 649 1653 1654 
1518 1653 1581 1654 
1519 1653 631 1581 
1520 1654 1581 249 
1521 115 1655 65 
1522 1655 1656 65 
1523 1655 650 1656 
1524 65 1656 88 
1525 650 1657 1656 
1526 1657 1658 1656 
1527 1657 651 1658 
1528 1656 1658 88 
1529 650 1659 1657 
1530 1659 1660 1657 
1531 1659 305 1660 
1532 1657 1660 651 
1533 88 1658 66 
1534 1658 1661 66 
1535 1658 651 1661 
1536 66 1661 116 
1537 250 1587 1663 
1538 1587 1662 1663 
1539 1587 632 1662 
1540 1663 1662 653 
1541 632 1664 1662 
1542 1664 1665 1662 
1543 1664 652 1665 
1544 1662 1665 653 
1545 632 1586 1664 
1546 1586 1666 1664 
1547 1586 406 1666 
1548 1664 1666 652 
1549 653 1665 1668 
1550 1665 1667 1668 
1551 1665 652 1667 
1552 1668 1667 321 
1553 426 1669 1473 
1554 1669 1670 1473 
1555 1669 654 1670 
1556 1473 1670 599 
1557 654 1671 1670 
1558 1671 1672 1670 
1559 1671 655 1672 
1560 1670 1672 599 
1561 654 1673 1671 
1562 1673 1674 1671 
1563 1673 459 1674 
1564 1671 1674 655 
1565 599 1672 1474 
1566 1672 1675 1474 
1567 1672 655 1675 
1568 1474 1675 383 
1569 117 1676 1678 
1570 1676 1677 1678 
1571 1676 656 1677 
1572 1678 1677 658 
1573 656 1679 1677 
1574 1679 1680 1677 
1575 1679 657 1680 
1576 1677 1680 658 
1577 656 1681 1679 
1578 1681 1682 1679 
1579 1681 383 1682 
1580 1679 1682 657 
1581 658 1680 1684 
1582 1680 1683 1684 
1583 1680 657 1683 
1584 1684 1683 324 
1585 268 1538 179 
1586 1538 1685 179 
1587 1538 621 1685 
1588 179 1685 241 
1589 621 1686 1685 
1590 1686 1687 1685 
1591 1686 659 1687 
1592 1685 1687 241 
1593 621 1544 1686 
1594 1544 1688 1686 
1595 1544 316 1688 
1596 1686 1688 659 
1597 241 1687 180 
1598 1687 1689 180 
1599 1687 659 1689 
1600 180 1689 269 
1601 399 1690 1692 
1602 1690 1691 1692 
1603 1690 660 1691 
1604 1692 1691 662 
1605 660 1693 1691 
1606 1693 1694 1691 
1607 1693 661 1694 
1608 1691 1694 662 
1609 660 1695 1693 
1610 1695 1696 1693 
1611 1695 404 1696 
1612 1693 1696 661 
1613 662 1694 1698 
1614 1694 1697 1698 
1615 1694 661 1697 
1616 1698 1697 396 
1617 306 1699 1701 
1618 1699 1700 1701 
1619 1699 663 1700 
1620 1701 1700 665 
1621 663 1702 1700 
1622 1702 1703 1700 
1623 1702 664 1703 
1624 1700 1703 665 
1625 663 1704 1702 
1626 1704 1705 1702 
1627 1704 447 1705 
1628 1702 1705 664 
1629 665 1703 1707 
1630 1703 1706 1707 
1631 1703 664 1706 
1632 1707 1706 382 
1633 305 1469 1660 
1634 1469 1708 1660 
1635 1469 600 1708 
1636 1660 1708 651 
1637 600 1709 1708 
1638 1709 1710 1708 
1639 1709 666 1710 
1640 1708 1710 651 
1641 600 1475 1709 
1642 1475 1711 1709 
1643 1475 383 1711 
1644 1709 1711 666 
1645 651 1710 1661 
1646 1710 1712 1661 
1647 1710 666 1712 
1648 1661 1712 116 
1649 404 1713 1715 
1650 1713 1714 1715 
1651 1713 667 1714 
1652 1715 1714 669 
1653 667 1716 1714 
1654 1716 1717 1714 
1655 1716 668 1717 
1656 1714 1717 669 
1657 667 1718 1716 
1658 1718 1719 1716 
1659 1718 405 1719 
1660 1716 1719 668 
1661 669 1717 1721 
1662 1717 1720 1721 
1663 1717 668 1720 
1664 1721 1720 335 
1665 406 1722 1666 
1666 1722 1723 1666 
1667 1722 670 1723 
1668 1666 1723 652 
1669 670 1724 1723 
1670 1724 1725 1723 
1671 1724 671 1725 
1672 1723 1725 652 
1673 670 1726 1724 
1674 1726 1727 1724 
1675 1726 419 1727 
1676 1724 1727 671 
1677 652 1725 1667 
1678 1725 1728 1667 
1679 1725 671 1728 
1680 1667 1728 321 
1681 350 1729 1464 
1682 1729 1730 1464 
1683 1729 672 1730 
1684 1464 1730 596 
1685 672 1731 1730 
1686 1731 1732 1730 
1687 1731 514 1732 
1688 1730 1732 596 
1689 672 1733 1731 
1690 1733 1183 1731 
1691 1733 425 1183 
1692 1731 1183 514 
1693 596 1732 1465 
1694 1732 1189 1465 
1695 1732 514 1189 
1696 1465 1189 337 
1697 399 1527 1690 
1698 1527 1734 1690 
1699 1527 615 1734 
1700 1690 1734 660 
1701 615 1735 1734 
1702 1735 1736 1734 
1703 1735 673 1736 
1704 1734 1736 660 
1705 615 1526 1735 
1706 1526 1737 1735 
1707 1526 410 1737 
1708 1735 1737 673 
1709 660 1736 1695 
1710 1736 1738 1695 
1711 1736 673 1738 
1712 1695 1738 404 
1713 157 1739 141 
1714 1739 1740 141 
1715 1739 674 1740 
1716 141 1740 152 
1717 674 1741 1740 
1718 1741 1742 1740 
1719 1741 675 1742 
1720 1740 1742 152 
1721 674 1743 1741 
1722 1743 1744 1741 
1723 1743 423 1744 
1724 1741 1744 675 
1725 152 1742 142 
1726 1742 1745 142 
1727 1742 675 1745 
1728 142 1745 158 
1729 365 1746 1748 
1730 1746 1747 1748 
1731 1746 676 1747 
1732 1748 1747 678 
1733 676 1749 1747 
1734 1749 1750 1747 
1735 1749 677 1750 
1736 1747 1750 678 
1737 676 1751 1749 
1738 1751 1752 1749 
1739 1751 440 1752 
1740 1749 1752 677 
1741 678 1750 1754 
1742 1750 1753 1754 
1743 1750 677 1753 
1744 1754 1753 318 
1745 431 1755 1432 
1746 1755 1756 1432 
1747 1755 679 1756 
1748 1432 1756 586 
1749 679 1757 1756 
1750 1757 1758 1756 
1751 1757 663 1758 
1752 1756 1758 586 
1753 679 1759 1757 
1754 1759 1704 1757 
1755 1759 447 1704 
1756 1757 1704 663 
1757 586 1758 1433 
1758 1758 1699 1433 
1759 1758 663 1699 
1760 1433 1699 306 
1761 306 1701 1761 
1762 1701 1760 1761 
1763 1701 665 1760 
1764 1761 1760 681 
1765 665 1762 1760 
1766 1762 1763 1760 
1767 1762 680 1763 
1768 1760 1763 681 
1769 665 1707 1762 
1770 1707 1764 1762 
1771 1707 382 1764 
1772 1762 1764 680 
1773 681 1763 1766 
1774 1763 1765 1766 
1775 1763 680 1765 
1776 1766 1765 267 
1777 375 1767 1598 
1778 1767 1768 1598 
1779 1767 682 1768 
1780 1598 1768 635 
1781 682 1769 1768 
1782 1769 1770 1768 
1783 1769 683 1770 
1784 1768 1770 635 
1785 682 1771 1769 
1786 1771 1772 1769 
1787 1771 444 1772 
1788 1769 1772 683 
1789 635 1770 1603 
1790 1770 1773 1603 
1791 1770 683 1773 
1792 1603 1773 427 
1793 270 1100 183 
1794 1100 1774 183 
1795 1100 484 1774 
1796 183 1774 243 
1797 484 1775 1774 
1798 1775 1776 1774 
1799 1775 601 1776 
1800 1774 1776 243 
1801 484 1099 1775 
1802 1099 1480 1775 
1803 1099 353 1480 
1804 1775 1480 601 
1805 243 1776 184 
1806 1776 1476 184 
1807 1776 601 1476 
1808 184 1476 271 
1809 136 1777 1779 
1810 1777 1778 1779 
1811 1777 684 1778 
1812 1779 1778 686 
1813 684 1780 1778 
1814 1780 1781 1778 
1815 1780 685 1781 
1816 1778 1781 686 
1817 684 1782 1780 
1818 1782 1783 1780 
1819 1782 395 1783 
1820 1780 1783 685 
1821 686 1781 1785 
1822 1781 1784 1785 
1823 1781 685 1784 
1824 1785 1784 335 
1825 395 1786 1783 
1826 1786 1787 1783 
1827 1786 687 1787 
1828 1783 1787 685 
1829 687 1788 1787 
1830 1788 1789 1787 
1831 1788 669 1789 
1832 1787 1789 685 
1833 687 1790 1788 
1834 1790 1715 1788 
1835 1790 404 1715 
1836 1788 1715 669 
1837 685 1789 1784 
1838 1789 1721 1784 
1839 1789 669 1721 
1840 1784 1721 335 
1841 321 1728 1792 
1842 1728 1791 1792 
1843 1728 671 1791 
1844 1792 1791 689 
1845 671 1793 1791 
1846 1793 1794 1791 
1847 1793 688 1794 
1848 1791 1794 689 
1849 671 1727 1793 
1850 1727 1795 1793 
1851 1727 419 1795 
1852 1793 1795 688 
1853 689 1794 1797 
1854 1794 1796 1797 
1855 1794 688 1796 
1856 1797 1796 418 
1857 267 1765 177 
1858 1765 1798 177 
1859 1765 680 1798 
1860 177 1798 240 
1861 680 1799 1798 
1862 1799 1800 1798 
1863 1799 619 1800 
1864 1798 1800 240 
1865 680 1764 1799 
1866 1764 1541 1799 
1867 1764 382 1541 
1868 1799 1541 619 
1869 240 1800 178 
1870 1800 1536 178 
1871 1800 619 1536 
1872 178 1536 268 
1873 158 1801 143 
1874 1801 1802 143 
1875 1801 690 1802 
1876 143 1802 153 
1877 690 1803 1802 
1878 1803 1804 1802 
1879 1803 518 1804 
1880 1802 1804 153 
1881 690 1805 1803 
1882 1805 1206 1803 
1883 1805 451 1206 
1884 1803 1206 518 
1885 153 1804 144 
1886 1804 1202 144 
1887 1804 518 1202 
1888 144 1202 159 
1889 405 1806 1448 
1890 1806 1807 1448 
1891 1806 691 1807 
1892 1448 1807 591 
1893 691 1808 1807 
1894 1808 1809 1807 
1895 1808 692 1809 
1896 1807 1809 591 
1897 691 1810 1808 
1898 1810 1811 1808 
1899 1810 454 1811 
1900 1808 1811 692 
1901 591 1809 1442 
1902 1809 1812 1442 
1903 1809 692 1812 
1904 1442 1812 21 
1905 396 1697 1814 
1906 1697 1813 1814 
1907 1697 661 1813 
1908 1814 1813 693 
1909 661 1815 1813 
1910 1815 1816 1813 
1911 1815 687 1816 
1912 1813 1816 693 
1913 661 1696 1815 
1914 1696 1790 1815 
1915 1696 404 1790 
1916 1815 1790 687 
1917 693 1816 1817 
1918 1816 1786 1817 
1919 1816 687 1786 
1920 1817 1786 395 
1921 383 1675 1682 
1922 1675 1818 1682 
1923 1675 655 1818 
1924 1682 1818 657 
1925 655 1819 1818 
1926 1819 1820 1818 
1927 1819 617 1820 
1928 1818 1820 657 
1929 655 1674 1819 
1930 1674 1533 1819 
1931 1674 459 1533 
1932 1819 1533 617 
1933 657 1820 1683 
1934 1820 1529 1683 
1935 1820 617 1529 
1936 1683 1529 324 
1937 321 1792 1822 
1938 1792 1821 1822 
1939 1792 689 1821 
1940 1822 1821 695 
1941 689 1823 1821 
1942 1823 1824 1821 
1943 1823 694 1824 
1944 1821 1824 695 
1945 689 1797 1823 
1946 1797 1825 1823 
1947 1797 418 1825 
1948 1823 1825 694 
1949 695 1824 1827 
1950 1824 1826 1827 
1951 1824 694 1826 
1952 1827 1826 415 
1953 442 1285 1829 
1954 1285 1828 1829 
1955 1285 542 1828 
1956 1829 1828 697 
1957 542 1830 1828 
1958 1830 1831 1828 
1959 1830 696 1831 
1960 1828 1831 697 
1961 542 1284 1830 
1962 1284 1832 1830 
1963 1284 473 1832 
1964 1830 1832 696 
1965 697 1831 1834 
1966 1831 1833 1834 
1967 1831 696 1833 
1968 1834 1833 336 
1969 136 1779 51 
1970 1779 1835 51 
1971 1779 686 1835 
1972 51 1835 109 
1973 686 1836 1835 
1974 1836 1837 1835 
1975 1836 698 1837 
1976 1835 1837 109 
1977 686 1785 1836 
1978 1785 1838 1836 
1979 1785 335 1838 
1980 1836 1838 698 
1981 109 1837 52 
1982 1837 1839 52 
1983 1837 698 1839 
1984 52 1839 137 
1985 416 1840 1323 
1986 1840 1841 1323 
1987 1840 699 1841 
1988 1323 1841 554 
1989 699 1842 1841 
1990 1842 1843 1841 
1991 1842 700 1843 
1992 1841 1843 554 
1993 699 1844 1842 
1994 1844 1845 1842 
1995 1844 453 1845 
1996 1842 1845 700 
1997 554 1843 1318 
1998 1843 1846 1318 
1999 1843 700 1846 
2000 1318 1846 337 
2001 398 1847 1849 
2002 1847 1848 1849 
2003 1847 701 1848 
2004 1849 1848 702 
2005 701 1850 1848 
2006 1850 1851 1848 
2007 1850 662 1851 
2008 1848 1851 702 
2009 701 1852 1850 
2010 1852 1692 1850 
2011 1852 399 1692 
2012 1850 1692 662 
2013 702 1851 1853 
2014 1851 1698 1853 
2015 1851 662 1698 
2016 1853 1698 396 
2017 353 1854 1481 
2018 1854 1855 1481 
2019 1854 703 1855 
2020 1481 1855 602 
2021 703 1856 1855 
2022 1856 1857 1855 
2023 1856 704 1857 
2024 1855 1857 602 
2025 703 1858 1856 
2026 1858 1859 1856 
2027 1858 475 1859 
2028 1856 1859 704 
2029 602 1857 1482 
2030 1857 1860 1482 
2031 1857 704 1860 
2032 1482 1860 349 
2033 401 1518 1862 
2034 1518 1861 1862 
2035 1518 612 1861 
2036 1862 1861 705 
2037 612 1863 1861 
2038 1863 1864 1861 
2039 1863 616 1864 
2040 1861 1864 705 
2041 612 1517 1863 
2042 1517 1522 1863 
2043 1517 402 1522 
2044 1863 1522 616 
2045 705 1864 1865 
2046 1864 1528 1865 
2047 1864 616 1528 
2048 1865 1528 399 
2049 248 1639 195 
2050 1639 1866 195 
2051 1639 646 1866 
2052 195 1866 221 
2053 646 1867 1866 
2054 1867 1868 1866 
2055 1867 649 1868 
2056 1866 1868 221 
2057 646 1642 1867 
2058 1642 1651 1867 
2059 1642 326 1651 
2060 1867 1651 649 
2061 221 1868 196 
2062 1868 1654 196 
2063 1868 649 1654 
2064 196 1654 249 
2065 325 1240 1870 
2066 1240 1869 1870 
2067 1240 529 1869 
2068 1870 1869 707 
2069 529 1871 1869 
2070 1871 1872 1869 
2071 1871 706 1872 
2072 1869 1872 707 
2073 529 1239 1871 
2074 1239 1873 1871 
2075 1239 420 1873 
2076 1871 1873 706 
2077 707 1872 1875 
2078 1872 1874 1875 
2079 1872 706 1874 
2080 1875 1874 265 
2081 112 1876 59 
2082 1876 1877 59 
2083 1876 708 1877 
2084 59 1877 85 
2085 708 1878 1877 
2086 1878 1879 1877 
2087 1878 610 1879 
2088 1877 1879 85 
2089 708 1880 1878 
2090 1880 1505 1878 
2091 1880 429 1505 
2092 1878 1505 610 
2093 85 1879 60 
2094 1879 1510 60 
2095 1879 610 1510 
2096 60 1510 113 
2097 318 1881 1754 
2098 1881 1882 1754 
2099 1881 709 1882 
2100 1754 1882 678 
2101 709 1883 1882 
2102 1883 1884 1882 
2103 1883 710 1884 
2104 1882 1884 678 
2105 709 1885 1883 
2106 1885 1886 1883 
2107 1885 478 1886 
2108 1883 1886 710 
2109 678 1884 1748 
2110 1884 1887 1748 
2111 1884 710 1887 
2112 1748 1887 365 
2113 266 1888 175 
2114 1888 1889 175 
2115 1888 711 1889 
2116 175 1889 239 
2117 711 1890 1889 
2118 1890 1891 1889 
2119 1890 681 1891 
2120 1889 1891 239 
2121 711 1892 1890 
2122 1892 1761 1890 
2123 1892 306 1761 
2124 1890 1761 681 
2125 239 1891 162 
2126 1891 1766 162 
2127 1891 681 1766 
2128 162 1766 267 
2129 398 1893 1847 
2130 1893 1894 1847 
2131 1893 712 1894 
2132 1847 1894 701 
2133 712 1895 1894 
2134 1895 1896 1894 
2135 1895 705 1896 
2136 1894 1896 701 
2137 712 1897 1895 
2138 1897 1862 1895 
2139 1897 401 1862 
2140 1895 1862 705 
2141 701 1896 1852 
2142 1896 1865 1852 
2143 1896 705 1865 
2144 1852 1865 399 
2145 323 1384 1899 
2146 1384 1898 1899 
2147 1384 572 1898 
2148 1899 1898 714 
2149 572 1900 1898 
2150 1900 1901 1898 
2151 1900 713 1901 
2152 1898 1901 714 
2153 572 1383 1900 
2154 1383 1902 1900 
2155 1383 446 1902 
2156 1900 1902 713 
2157 714 1901 1904 
2158 1901 1903 1904 
2159 1901 713 1903 
2160 1904 1903 381 
2161 135 1905 49 
2162 1905 1906 49 
2163 1905 715 1906 
2164 49 1906 108 
2165 715 1907 1906 
2166 1907 1908 1906 
2167 1907 684 1908 
2168 1906 1908 108 
2169 715 1909 1907 
2170 1909 1782 1907 
2171 1909 395 1782 
2172 1907 1782 684 
2173 108 1908 50 
2174 1908 1777 50 
2175 1908 684 1777 
2176 50 1777 136 
2177 310 1910 1912 
2178 1910 1911 1912 
2179 1910 716 1911 
2180 1912 1911 717 
2181 716 1913 1911 
2182 1913 1914 1911 
2183 1913 715 1914 
2184 1911 1914 717 
2185 716 1915 1913 
2186 1915 1909 1913 
2187 1915 395 1909 
2188 1913 1909 715 
2189 717 1914 1916 
2190 1914 1905 1916 
2191 1914 715 1905 
2192 1916 1905 135 
2193 404 1738 1713 
2194 1738 1917 1713 
2195 1738 673 1917 
2196 1713 1917 667 
2197 673 1918 1917 
2198 1918 1919 1917 
2199 1918 718 1919 
2200 1917 1919 667 
2201 673 1737 1918 
2202 1737 1920 1918 
2203 1737 410 1920 
2204 1918 1920 718 
2205 667 1919 1718 
2206 1919 1921 1718 
2207 1919 718 1921 
2208 1718 1921 405 
2209 310 1922 1910 
2210 1922 1923 1910 
2211 1922 719 1923 
2212 1910 1923 716 
2213 719 1924 1923 
2214 1924 1925 1923 
2215 1924 693 1925 
2216 1923 1925 716 
2217 719 1926 1924 
2218 1926 1814 1924 
2219 1926 396 1814 
2220 1924 1814 693 
2221 716 1925 1915 
2222 1925 1817 1915 
2223 1925 693 1817 
2224 1915 1817 395 
2225 402 1927 1520 
2226 1927 1928 1520 
2227 1927 720 1928 
2228 1520 1928 614 
2229 720 1929 1928 
2230 1929 1930 1928 
2231 1929 721 1930 
2232 1928 1930 614 
2233 720 1931 1929 
2234 1931 1932 1929 
2235 1931 464 1932 
2236 1929 1932 721 
2237 614 1930 1525 
2238 1930 1933 1525 
2239 1930 721 1933 
2240 1525 1933 410 
2241 116 1712 67 
2242 1712 1934 67 
2243 1712 666 1934 
2244 67 1934 89 
2245 666 1935 1934 
2246 1935 1936 1934 
2247 1935 656 1936 
2248 1934 1936 89 
2249 666 1711 1935 
2250 1711 1681 1935 
2251 1711 383 1681 
2252 1935 1681 656 
2253 89 1936 54 
2254 1936 1676 54 
2255 1936 656 1676 
2256 54 1676 117 
2257 312 1937 1226 
2258 1937 1938 1226 
2259 1937 722 1938 
2260 1226 1938 525 
2261 722 1939 1938 
2262 1939 1940 1938 
2263 1939 723 1940 
2264 1938 1940 525 
2265 722 1941 1939 
2266 1941 1942 1939 
2267 1941 466 1942 
2268 1939 1942 723 
2269 525 1940 1220 
2270 1940 1943 1220 
2271 1940 723 1943 
2272 1220 1943 371 
2273 409 1944 1946 
2274 1944 1945 1946 
2275 1944 724 1945 
2276 1946 1945 726 
2277 724 1947 1945 
2278 1947 1948 1945 
2279 1947 725 1948 
2280 1945 1948 726 
2281 724 1949 1947 
2282 1949 1950 1947 
2283 1949 417 1950 
2284 1947 1950 725 
2285 726 1948 1952 
2286 1948 1951 1952 
2287 1948 725 1951 
2288 1952 1951 319 
2289 397 1953 1955 
2290 1953 1954 1955 
2291 1953 727 1954 
2292 1955 1954 728 
2293 727 1956 1954 
2294 1956 1957 1954 
2295 1956 702 1957 
2296 1954 1957 728 
2297 727 1958 1956 
2298 1958 1849 1956 
2299 1958 398 1849 
2300 1956 1849 702 
2301 728 1957 1959 
2302 1957 1853 1959 
2303 1957 702 1853 
2304 1959 1853 396 
2305 119 1960 73 
2306 1960 1961 73 
2307 1960 729 1961 
2308 73 1961 92 
2309 729 1962 1961 
2310 1962 1963 1961 
2311 1962 730 1963 
2312 1961 1963 92 
2313 729 1964 1962 
2314 1964 1965 1962 
2315 1964 307 1965 
2316 1962 1965 730 
2317 92 1963 74 
2318 1963 1966 74 
2319 1963 730 1966 
2320 74 1966 120 
2321 117 1678 69 
2322 1678 1967 69 
2323 1678 658 1967 
2324 69 1967 90 
2325 658 1968 1967 
2326 1968 1969 1967 
2327 1968 731 1969 
2328 1967 1969 90 
2329 658 1684 1968 
2330 1684 1970 1968 
2331 1684 324 1970 
2332 1968 1970 731 
2333 90 1969 70 
2334 1969 1971 70 
2335 1969 731 1971 
2336 70 1971 118 
2337 397 1972 1974 
2338 1972 1973 1974 
2339 1972 732 1973 
2340 1974 1973 733 
2341 732 1975 1973 
2342 1975 1976 1973 
2343 1975 724 1976 
2344 1973 1976 733 
2345 732 1977 1975 
2346 1977 1949 1975 
2347 1977 417 1949 
2348 1975 1949 724 
2349 733 1976 1978 
2350 1976 1944 1978 
2351 1976 724 1944 
2352 1978 1944 409 
2353 310 1979 1981 
2354 1979 1980 1981 
2355 1979 734 1980 
2356 1981 1980 735 
2357 734 1982 1980 
2358 1982 1983 1980 
2359 1982 732 1983 
2360 1980 1983 735 
2361 734 1984 1982 
2362 1984 1977 1982 
2363 1984 417 1977 
2364 1982 1977 732 
2365 735 1983 1985 
2366 1983 1972 1985 
2367 1983 732 1972 
2368 1985 1972 397 
2369 308 1986 1988 
2370 1986 1987 1988 
2371 1986 736 1987 
2372 1988 1987 738 
2373 736 1989 1987 
2374 1989 1990 1987 
2375 1989 737 1990 
2376 1987 1990 738 
2377 736 1991 1989 
2378 1991 1992 1989 
2379 1991 411 1992 
2380 1989 1992 737 
2381 738 1990 1994 
2382 1990 1993 1994 
2383 1990 737 1993 
2384 1994 1993 263 
2385 264 1995 1997 
2386 1995 1996 1997 
2387 1995 739 1996 
2388 1997 1996 741 
2389 739 1998 1996 
2390 1998 1999 1996 
2391 1998 740 1999 
2392 1996 1999 741 
2393 739 2000 1998 
2394 2000 2001 1998 
2395 2000 411 2001 
2396 1998 2001 740 
2397 741 1999 2003 
2398 1999 2002 2003 
2399 1999 740 2002 
2400 2003 2002 325 
2401 264 1997 171 
2402 1997 2004 171 
2403 1997 741 2004 
2404 171 2004 237 
2405 741 2005 2004 
2406 2005 2006 2004 
2407 2005 707 2006 
2408 2004 2006 237 
2409 741 2003 2005 
2410 2003 1870 2005 
2411 2003 325 1870 
2412 2005 1870 707 
2413 237 2006 172 
2414 2006 1875 172 
2415 2006 707 1875 
2416 172 1875 265 
2417 262 2007 167 
2418 2007 2008 167 
2419 2007 742 2008 
2420 167 2008 235 
2421 742 2009 2008 
2422 2009 2010 2008 
2423 2009 738 2010 
2424 2008 2010 235 
2425 742 2011 2009 
2426 2011 1988 2009 
2427 2011 308 1988 
2428 2009 1988 738 
2429 235 2010 168 
2430 2010 1994 168 
2431 2010 738 1994 
2432 168 1994 263 
2433 263 1993 169 
2434 1993 2012 169 
2435 1993 737 2012 
2436 169 2012 236 
2437 737 2013 2012 
2438 2013 2014 2012 
2439 2013 739 2014 
2440 2012 2014 236 
2441 737 1992 2013 
2442 1992 2000 2013 
2443 1992 411 2000 
2444 2013 2000 739 
2445 236 2014 170 
2446 2014 1995 170 
2447 2014 739 1995 
2448 170 1995 264 
2449 122 2015 79 
2450 2015 2016 79 
2451 2015 743 2016 
2452 79 2016 95 
2453 743 2017 2016 
2454 2017 2018 2016 
2455 2017 744 2018 
2456 2016 2018 95 
2457 743 2019 2017 
2458 2019 2020 2017 
2459 2019 318 2020 
2460 2017 2020 744 
2461 95 2018 80 
2462 2018 2021 80 
2463 2018 744 2021 
2464 80 2021 123 
2465 96 2022 2024 
2466 2022 2023 2024 
2467 2022 745 2023 
2468 2024 2023 747 
2469 745 2025 2023 
2470 2025 2026 2023 
2471 2025 746 2026 
2472 2023 2026 747 
2473 745 2027 2025 
2474 2027 2028 2025 
2475 2027 412 2028 
2476 2025 2028 746 
2477 747 2026 2030 
2478 2026 2029 2030 
2479 2026 746 2029 
2480 2030 2029 312 
2481 318 2031 2020 
2482 2031 2032 2020 
2483 2031 748 2032 
2484 2020 2032 744 
2485 748 2033 2032 
2486 2033 2034 2032 
2487 2033 749 2034 
2488 2032 2034 744 
2489 748 2035 2033 
2490 2035 2036 2033 
2491 2035 412 2036 
2492 2033 2036 749 
2493 744 2034 2021 
2494 2034 2037 2021 
2495 2034 749 2037 
2496 2021 2037 123 
2497 123 2037 81 
2498 2037 2038 81 
2499 2037 749 2038 
2500 81 2038 124 
2501 749 2039 2038 
2502 2039 2040 2038 
2503 2039 745 2040 
2504 2038 2040 124 
2505 749 2036 2039 
2506 2036 2027 2039 
2507 2036 412 2027 
2508 2039 2027 745 
2509 124 2040 40 
2510 2040 2022 40 
2511 2040 745 2022 
2512 40 2022 96 
2513 320 2041 2043 
2514 2041 2042 2043 
2515 2041 750 2042 
2516 2043 2042 752 
2517 750 2044 2042 
2518 2044 2045 2042 
2519 2044 751 2045 
2520 2042 2045 752 
2521 750 2046 2044 
2522 2046 2047 2044 
2523 2046 414 2047 
2524 2044 2047 751 
2525 752 2045 2049 
2526 2045 2048 2049 
2527 2045 751 2048 
2528 2049 2048 232 
2529 252 2050 2052 
2530 2050 2051 2052 
2531 2050 753 2051 
2532 2052 2051 755 
2533 753 2053 2051 
2534 2053 2054 2051 
2535 2053 754 2054 
2536 2051 2054 755 
2537 753 2055 2053 
2538 2055 2056 2053 
2539 2055 415 2056 
2540 2053 2056 754 
2541 755 2054 2058 
2542 2054 2057 2058 
2543 2054 754 2057 
2544 2058 2057 309 
2545 251 2059 201 
2546 2059 2060 201 
2547 2059 756 2060 
2548 201 2060 224 
2549 756 2061 2060 
2550 2061 2062 2060 
2551 2061 753 2062 
2552 2060 2062 224 
2553 756 2063 2061 
2554 2063 2055 2061 
2555 2063 415 2055 
2556 2061 2055 753 
2557 224 2062 202 
2558 2062 2050 202 
2559 2062 753 2050 
2560 202 2050 252 
2561 232 2048 217 
2562 2048 2064 217 
2563 2048 751 2064 
2564 217 2064 260 
2565 751 2065 2064 
2566 2065 2066 2064 
2567 2065 757 2066 
2568 2064 2066 260 
2569 751 2047 2065 
2570 2047 2067 2065 
2571 2047 414 2067 
2572 2065 2067 757 
2573 260 2066 176 
2574 2066 2068 176 
2575 2066 757 2068 
2576 176 2068 246 
2577 129 2069 2071 
2578 2069 2070 2071 
2579 2069 758 2070 
2580 2071 2070 759 
2581 758 2072 2070 
2582 2072 2073 2070 
2583 2072 639 2073 
2584 2070 2073 759 
2585 758 2074 2072 
2586 2074 1617 2072 
2587 2074 413 1617 
2588 2072 1617 639 
2589 759 2073 2075 
2590 2073 1612 2075 
2591 2073 639 1612 
2592 2075 1612 313 
2593 132 2076 43 
2594 2076 2077 43 
2595 2076 760 2077 
2596 43 2077 105 
2597 760 2078 2077 
2598 2078 2079 2077 
2599 2078 761 2079 
2600 2077 2079 105 
2601 760 2080 2078 
2602 2080 2081 2078 
2603 2080 319 2081 
2604 2078 2081 761 
2605 105 2079 44 
2606 2079 2082 44 
2607 2079 761 2082 
2608 44 2082 133 
2609 129 2071 37 
2610 2071 2083 37 
2611 2071 759 2083 
2612 37 2083 102 
2613 759 2084 2083 
2614 2084 2085 2083 
2615 2084 762 2085 
2616 2083 2085 102 
2617 759 2075 2084 
2618 2075 2086 2084 
2619 2075 313 2086 
2620 2084 2086 762 
2621 102 2085 38 
2622 2085 2087 38 
2623 2085 762 2087 
2624 38 2087 130 
2625 128 2088 35 
2626 2088 2089 35 
2627 2088 763 2089 
2628 35 2089 101 
2629 763 2090 2089 
2630 2090 2091 2089 
2631 2090 758 2091 
2632 2089 2091 101 
2633 763 2092 2090 
2634 2092 2074 2090 
2635 2092 413 2074 
2636 2090 2074 758 
2637 101 2091 36 
2638 2091 2069 36 
2639 2091 758 2069 
2640 36 2069 129 
2641 258 1484 215 
2642 1484 2093 215 
2643 1484 604 2093 
2644 215 2093 231 
2645 604 2094 2093 
2646 2094 2095 2093 
2647 2094 752 2095 
2648 2093 2095 231 
2649 604 1489 2094 
2650 1489 2043 2094 
2651 1489 320 2043 
2652 2094 2043 752 
2653 231 2095 216 
2654 2095 2049 216 
2655 2095 752 2049 
2656 216 2049 232 
2657 246 2096 163 
2658 2096 2097 163 
2659 2096 764 2097 
2660 163 2097 233 
2661 764 2098 2097 
2662 2098 2099 2097 
2663 2098 765 2099 
2664 2097 2099 233 
2665 764 2100 2098 
2666 2100 2101 2098 
2667 2100 322 2101 
2668 2098 2101 765 
2669 233 2099 164 
2670 2099 2102 164 
2671 2099 765 2102 
2672 164 2102 261 
2673 96 2024 27 
2674 2024 2103 27 
2675 2024 747 2103 
2676 27 2103 97 
2677 747 2104 2103 
2678 2104 2105 2103 
2679 2104 766 2105 
2680 2103 2105 97 
2681 747 2030 2104 
2682 2030 2106 2104 
2683 2030 312 2106 
2684 2104 2106 766 
2685 97 2105 28 
2686 2105 2107 28 
2687 2105 766 2107 
2688 28 2107 125 
2689 250 1663 199 
2690 1663 2108 199 
2691 1663 653 2108 
2692 199 2108 223 
2693 653 2109 2108 
2694 2109 2110 2108 
2695 2109 767 2110 
2696 2108 2110 223 
2697 653 1668 2109 
2698 1668 2111 2109 
2699 1668 321 2111 
2700 2109 2111 767 
2701 223 2110 200 
2702 2110 2112 200 
2703 2110 767 2112 
2704 200 2112 251 
2705 246 2068 2096 
2706 2068 2113 2096 
2707 2068 757 2113 
2708 2096 2113 764 
2709 757 2114 2113 
2710 2114 2115 2113 
2711 2114 768 2115 
2712 2113 2115 764 
2713 757 2067 2114 
2714 2067 2116 2114 
2715 2067 414 2116 
2716 2114 2116 768 
2717 764 2115 2100 
2718 2115 2117 2100 
2719 2115 768 2117 
2720 2100 2117 322 
2721 255 2118 209 
2722 2118 2119 209 
2723 2118 769 2119 
2724 209 2119 228 
2725 769 2120 2119 
2726 2120 2121 2119 
2727 2120 770 2121 
2728 2119 2121 228 
2729 769 2122 2120 
2730 2122 2123 2120 
2731 2122 323 2123 
2732 2120 2123 770 
2733 228 2121 210 
2734 2121 2124 210 
2735 2121 770 2124 
2736 210 2124 256 
2737 252 2052 203 
2738 2052 2125 203 
2739 2052 755 2125 
2740 203 2125 225 
2741 755 2126 2125 
2742 2126 2127 2125 
2743 2126 527 2127 
2744 2125 2127 225 
2745 755 2058 2126 
2746 2058 1229 2126 
2747 2058 309 1229 
2748 2126 1229 527 
2749 225 2127 190 
2750 2127 1233 190 
2751 2127 527 1233 
2752 190 1233 253 
2753 134 2128 47 
2754 2128 2129 47 
2755 2128 771 2129 
2756 47 2129 107 
2757 771 2130 2129 
2758 2130 2131 2129 
2759 2130 717 2131 
2760 2129 2131 107 
2761 771 2132 2130 
2762 2132 1912 2130 
2763 2132 310 1912 
2764 2130 1912 717 
2765 107 2131 48 
2766 2131 1916 48 
2767 2131 717 1916 
2768 48 1916 135 
2769 127 2133 33 
2770 2133 2134 33 
2771 2133 772 2134 
2772 33 2134 100 
2773 772 2135 2134 
2774 2135 2136 2134 
2775 2135 773 2136 
2776 2134 2136 100 
2777 772 2137 2135 
2778 2137 2138 2135 
2779 2137 311 2138 
2780 2135 2138 773 
2781 100 2136 34 
2782 2136 2139 34 
2783 2136 773 2139 
2784 34 2139 128 
2785 311 1152 2138 
2786 1152 2140 2138 
2787 1152 501 2140 
2788 2138 2140 773 
2789 501 2141 2140 
2790 2141 2142 2140 
2791 2141 763 2142 
2792 2140 2142 773 
2793 501 1151 2141 
2794 1151 2092 2141 
2795 1151 413 2092 
2796 2141 2092 763 
2797 773 2142 2139 
2798 2142 2088 2139 
2799 2142 763 2088 
2800 2139 2088 128 
2801 321 1822 2111 
2802 1822 2143 2111 
2803 1822 695 2143 
2804 2111 2143 767 
2805 695 2144 2143 
2806 2144 2145 2143 
2807 2144 756 2145 
2808 2143 2145 767 
2809 695 1827 2144 
2810 1827 2063 2144 
2811 1827 415 2063 
2812 2144 2063 756 
2813 767 2145 2112 
2814 2145 2059 2112 
2815 2145 756 2059 
2816 2112 2059 251 
2817 390 1358 2147 
2818 1358 2146 2147 
2819 1358 566 2146 
2820 2147 2146 775 
2821 566 2148 2146 
2822 2148 2149 2146 
2823 2148 774 2149 
2824 2146 2149 775 
2825 566 1362 2148 
2826 1362 2150 2148 
2827 1362 392 2150 
2828 2148 2150 774 
2829 775 2149 2152 
2830 2149 2151 2152 
2831 2149 774 2151 
2832 2152 2151 388 
2833 387 2153 2155 
2834 2153 2154 2155 
2835 2153 776 2154 
2836 2155 2154 778 
2837 776 2156 2154 
2838 2156 2157 2154 
2839 2156 777 2157 
2840 2154 2157 778 
2841 776 2158 2156 
2842 2158 2159 2156 
2843 2158 388 2159 
2844 2156 2159 777 
2845 778 2157 2161 
2846 2157 2160 2161 
2847 2157 777 2160 
2848 2161 2160 385 
2849 389 2162 2164 
2850 2162 2163 2164 
2851 2162 779 2163 
2852 2164 2163 780 
2853 779 2165 2163 
2854 2165 2166 2163 
2855 2165 641 2166 
2856 2163 2166 780 
2857 779 2167 2165 
2858 2167 1620 2165 
2859 2167 391 1620 
2860 2165 1620 641 
2861 780 2166 2168 
2862 2166 1623 2168 
2863 2166 641 1623 
2864 2168 1623 390 
2865 389 2164 2170 
2866 2164 2169 2170 
2867 2164 780 2169 
2868 2170 2169 781 
2869 780 2171 2169 
2870 2171 2172 2169 
2871 2171 775 2172 
2872 2169 2172 781 
2873 780 2168 2171 
2874 2168 2147 2171 
2875 2168 390 2147 
2876 2171 2147 775 
2877 781 2172 2173 
2878 2172 2152 2173 
2879 2172 775 2152 
2880 2173 2152 388 
2881 387 2174 2153 
2882 2174 2175 2153 
2883 2174 782 2175 
2884 2153 2175 776 
2885 782 2176 2175 
2886 2176 2177 2175 
2887 2176 781 2177 
2888 2175 2177 776 
2889 782 2178 2176 
2890 2178 2170 2176 
2891 2178 389 2170 
2892 2176 2170 781 
2893 776 2177 2158 
2894 2177 2173 2158 
2895 2177 781 2173 
2896 2158 2173 388 
2897 386 2179 2181 
2898 2179 2180 2181 
2899 2179 783 2180 
2900 2181 2180 785 
2901 783 2182 2180 
2902 2182 2183 2180 
2903 2182 784 2183 
2904 2180 2183 785 
2905 783 2184 2182 
2906 2184 2185 2182 
2907 2184 407 2185 
2908 2182 2185 784 
2909 785 2183 2187 
2910 2183 2186 2187 
2911 2183 784 2186 
2912 2187 2186 387 
2913 386 2181 2189 
2914 2181 2188 2189 
2915 2181 785 2188 
2916 2189 2188 786 
2917 785 2190 2188 
2918 2190 2191 2188 
2919 2190 778 2191 
2920 2188 2191 786 
2921 785 2187 2190 
2922 2187 2155 2190 
2923 2187 387 2155 
2924 2190 2155 778 
2925 786 2191 2192 
2926 2191 2161 2192 
2927 2191 778 2161 
2928 2192 2161 385 
2929 380 2193 2195 
2930 2193 2194 2195 
2931 2193 787 2194 
2932 2195 2194 788 
2933 787 2196 2194 
2934 2196 2197 2194 
2935 2196 786 2197 
2936 2194 2197 788 
2937 787 2198 2196 
2938 2198 2189 2196 
2939 2198 386 2189 
2940 2196 2189 786 
2941 788 2197 2199 
2942 2197 2192 2199 
2943 2197 786 2192 
2944 2199 2192 385 
2945 380 2195 2201 
2946 2195 2200 2201 
2947 2195 788 2200 
2948 2201 2200 790 
2949 788 2202 2200 
2950 2202 2203 2200 
2951 2202 789 2203 
2952 2200 2203 790 
2953 788 2199 2202 
2954 2199 2204 2202 
2955 2199 385 2204 
2956 2202 2204 789 
2957 790 2203 2206 
2958 2203 2205 2206 
2959 2203 789 2205 
2960 2206 2205 384 
2961 380 2201 2208 
2962 2201 2207 2208 
2963 2201 790 2207 
2964 2208 2207 791 
2965 790 2209 2207 
2966 2209 2210 2207 
2967 2209 545 2210 
2968 2207 2210 791 
2969 790 2206 2209 
2970 2206 1289 2209 
2971 2206 384 1289 
2972 2209 1289 545 
2973 791 2210 2211 
2974 2210 1293 2211 
2975 2210 545 1293 
2976 2211 1293 379 
2977 377 2212 2214 
2978 2212 2213 2214 
2979 2212 792 2213 
2980 2214 2213 794 
2981 792 2215 2213 
2982 2215 2216 2213 
2983 2215 793 2216 
2984 2213 2216 794 
2985 792 2217 2215 
2986 2217 2218 2215 
2987 2217 408 2218 
2988 2215 2218 793 
2989 794 2216 2220 
2990 2216 2219 2220 
2991 2216 793 2219 
2992 2220 2219 381 
2993 377 2214 2222 
2994 2214 2221 2222 
2995 2214 794 2221 
2996 2222 2221 796 
2997 794 2223 2221 
2998 2223 2224 2221 
2999 2223 795 2224 
3000 2221 2224 796 
3001 794 2220 2223 
3002 2220 2225 2223 
3003 2220 381 2225 
3004 2223 2225 795 
3005 796 2224 2227 
3006 2224 2226 2227 
3007 2224 795 2226 
3008 2227 2226 378 
3009 378 2228 2230 
3010 2228 2229 2230 
3011 2228 797 2229 
3012 2230 2229 798 
3013 797 2231 2229 
3014 2231 2232 2229 
3015 2231 791 2232 
3016 2229 2232 798 
3017 797 2233 2231 
3018 2233 2208 2231 
3019 2233 380 2208 
3020 2231 2208 791 
3021 798 2232 2234 
3022 2232 2211 2234 
3023 2232 791 2211 
3024 2234 2211 379 
3025 378 2230 2236 
3026 2230 2235 2236 
3027 2230 798 2235 
3028 2236 2235 800 
3029 798 2237 2235 
3030 2237 2238 2235 
3031 2237 799 2238 
3032 2235 2238 800 
3033 798 2234 2237 
3034 2234 2239 2237 
3035 2234 379 2239 
3036 2237 2239 799 
3037 800 2238 2241 
3038 2238 2240 2241 
3039 2238 799 2240 
3040 2241 2240 376 
3041 374 2242 2244 
3042 2242 2243 2244 
3043 2242 801 2243 
3044 2244 2243 803 
3045 801 2245 2243 
3046 2245 2246 2243 
3047 2245 802 2246 
3048 2243 2246 803 
3049 801 2247 2245 
3050 2247 2248 2245 
3051 2247 377 2248 
3052 2245 2248 802 
3053 803 2246 2250 
3054 2246 2249 2250 
3055 2246 802 2249 
3056 2250 2249 376 
3057 377 2222 2248 
3058 2222 2251 2248 
3059 2222 796 2251 
3060 2248 2251 802 
3061 796 2252 2251 
3062 2252 2253 2251 
3063 2252 800 2253 
3064 2251 2253 802 
3065 796 2227 2252 
3066 2227 2236 2252 
3067 2227 378 2236 
3068 2252 2236 800 
3069 802 2253 2249 
3070 2253 2241 2249 
3071 2253 800 2241 
3072 2249 2241 376 
3073 374 2244 2255 
3074 2244 2254 2255 
3075 2244 803 2254 
3076 2255 2254 805 
3077 803 2256 2254 
3078 2256 2257 2254 
3079 2256 804 2257 
3080 2254 2257 805 
3081 803 2250 2256 
3082 2250 2258 2256 
3083 2250 376 2258 
3084 2256 2258 804 
3085 805 2257 2260 
3086 2257 2259 2260 
3087 2257 804 2259 
3088 2260 2259 375 
3089 374 2255 2262 
3090 2255 2261 2262 
3091 2255 805 2261 
3092 2262 2261 806 
3093 805 2263 2261 
3094 2263 2264 2261 
3095 2263 636 2264 
3096 2261 2264 806 
3097 805 2260 2263 
3098 2260 1600 2263 
3099 2260 375 1600 
3100 2263 1600 636 
3101 806 2264 2265 
3102 2264 1604 2265 
3103 2264 636 1604 
3104 2265 1604 373 
3105 372 2266 2268 
3106 2266 2267 2268 
3107 2266 807 2267 
3108 2268 2267 808 
3109 807 2269 2267 
3110 2269 2270 2267 
3111 2269 806 2270 
3112 2267 2270 808 
3113 807 2271 2269 
3114 2271 2262 2269 
3115 2271 374 2262 
3116 2269 2262 806 
3117 808 2270 2272 
3118 2270 2265 2272 
3119 2270 806 2265 
3120 2272 2265 373 
3121 372 2268 2274 
3122 2268 2273 2274 
3123 2268 808 2273 
3124 2274 2273 809 
3125 808 2275 2273 
3126 2275 2276 2273 
3127 2275 523 2276 
3128 2273 2276 809 
3129 808 2272 2275 
3130 2272 1223 2275 
3131 2272 373 1223 
3132 2275 1223 523 
3133 809 2276 2277 
3134 2276 1218 2277 
3135 2276 523 1218 
3136 2277 1218 371 
3137 370 2278 2280 
3138 2278 2279 2280 
3139 2278 810 2279 
3140 2280 2279 811 
3141 810 2281 2279 
3142 2281 2282 2279 
3143 2281 809 2282 
3144 2279 2282 811 
3145 810 2283 2281 
3146 2283 2274 2281 
3147 2283 372 2274 
3148 2281 2274 809 
3149 811 2282 2284 
3150 2282 2277 2284 
3151 2282 809 2277 
3152 2284 2277 371 
3153 370 2280 2286 
3154 2280 2285 2286 
3155 2280 811 2285 
3156 2286 2285 813 
3157 811 2287 2285 
3158 2287 2288 2285 
3159 2287 812 2288 
3160 2285 2288 813 
3161 811 2284 2287 
3162 2284 2289 2287 
3163 2284 371 2289 
3164 2287 2289 812 
3165 813 2288 2291 
3166 2288 2290 2291 
3167 2288 812 2290 
3168 2291 2290 369 
3169 111 2292 57 
3170 2292 2293 57 
3171 2292 814 2293 
3172 57 2293 84 
3173 814 2294 2293 
3174 2294 2295 2293 
3175 2294 815 2295 
3176 2293 2295 84 
3177 814 2296 2294 
3178 2296 2297 2294 
3179 2296 416 2297 
3180 2294 2297 815 
3181 84 2295 58 
3182 2295 2298 58 
3183 2295 815 2298 
3184 58 2298 112 
3185 368 2299 2301 
3186 2299 2300 2301 
3187 2299 816 2300 
3188 2301 2300 817 
3189 816 2302 2300 
3190 2302 2303 2300 
3191 2302 813 2303 
3192 2300 2303 817 
3193 816 2304 2302 
3194 2304 2286 2302 
3195 2304 370 2286 
3196 2302 2286 813 
3197 817 2303 2305 
3198 2303 2291 2305 
3199 2303 813 2291 
3200 2305 2291 369 
3201 368 2301 2307 
3202 2301 2306 2307 
3203 2301 817 2306 
3204 2307 2306 819 
3205 817 2308 2306 
3206 2308 2309 2306 
3207 2308 818 2309 
3208 2306 2309 819 
3209 817 2305 2308 
3210 2305 2310 2308 
3211 2305 369 2310 
3212 2308 2310 818 
3213 819 2309 2312 
3214 2309 2311 2312 
3215 2309 818 2311 
3216 2312 2311 366 
3217 397 2313 1953 
3218 2313 2314 1953 
3219 2313 820 2314 
3220 1953 2314 727 
3221 820 2315 2314 
3222 2315 2316 2314 
3223 2315 821 2316 
3224 2314 2316 727 
3225 820 2317 2315 
3226 2317 2318 2315 
3227 2317 400 2318 
3228 2315 2318 821 
3229 727 2316 1958 
3230 2316 2319 1958 
3231 2316 821 2319 
3232 1958 2319 398 
3233 363 2320 2322 
3234 2320 2321 2322 
3235 2320 822 2321 
3236 2322 2321 824 
3237 822 2323 2321 
3238 2323 2324 2321 
3239 2323 823 2324 
3240 2321 2324 824 
3241 822 2325 2323 
3242 2325 2326 2323 
3243 2325 367 2326 
3244 2323 2326 823 
3245 824 2324 2328 
3246 2324 2327 2328 
3247 2324 823 2327 
3248 2328 2327 366 
3249 134 2329 2128 
3250 2329 2330 2128 
3251 2329 825 2330 
3252 2128 2330 771 
3253 825 2331 2330 
3254 2331 2332 2330 
3255 2331 734 2332 
3256 2330 2332 771 
3257 825 2333 2331 
3258 2333 1984 2331 
3259 2333 417 1984 
3260 2331 1984 734 
3261 771 2332 2132 
3262 2332 1979 2132 
3263 2332 734 1979 
3264 2132 1979 310 
3265 319 1951 2081 
3266 1951 2334 2081 
3267 1951 725 2334 
3268 2081 2334 761 
3269 725 2335 2334 
3270 2335 2336 2334 
3271 2335 826 2336 
3272 2334 2336 761 
3273 725 1950 2335 
3274 1950 2337 2335 
3275 1950 417 2337 
3276 2335 2337 826 
3277 761 2336 2082 
3278 2336 2338 2082 
3279 2336 826 2338 
3280 2082 2338 133 
3281 367 1197 2326 
3282 1197 2339 2326 
3283 1197 517 2339 
3284 2326 2339 823 
3285 517 2340 2339 
3286 2340 2341 2339 
3287 2340 819 2341 
3288 2339 2341 823 
3289 517 1201 2340 
3290 1201 2307 2340 
3291 1201 368 2307 
3292 2340 2307 819 
3293 823 2341 2327 
3294 2341 2312 2327 
3295 2341 819 2312 
3296 2327 2312 366 
3297 365 2342 2344 
3298 2342 2343 2344 
3299 2342 827 2343 
3300 2344 2343 829 
3301 827 2345 2343 
3302 2345 2346 2343 
3303 2345 828 2346 
3304 2343 2346 829 
3305 827 2347 2345 
3306 2347 2348 2345 
3307 2347 394 2348 
3308 2345 2348 828 
3309 829 2346 2350 
3310 2346 2349 2350 
3311 2346 828 2349 
3312 2350 2349 362 
3313 363 2322 2352 
3314 2322 2351 2352 
3315 2322 824 2351 
3316 2352 2351 831 
3317 824 2353 2351 
3318 2353 2354 2351 
3319 2353 830 2354 
3320 2351 2354 831 
3321 824 2328 2353 
3322 2328 2355 2353 
3323 2328 366 2355 
3324 2353 2355 830 
3325 831 2354 2357 
3326 2354 2356 2357 
3327 2354 830 2356 
3328 2357 2356 365 
3329 363 2352 2359 
3330 2352 2358 2359 
3331 2352 831 2358 
3332 2359 2358 832 
3333 831 2360 2358 
3334 2360 2361 2358 
3335 2360 829 2361 
3336 2358 2361 832 
3337 831 2357 2360 
3338 2357 2344 2360 
3339 2357 365 2344 
3340 2360 2344 829 
3341 832 2361 2362 
3342 2361 2350 2362 
3343 2361 829 2350 
3344 2362 2350 362 
3345 361 2363 2365 
3346 2363 2364 2365 
3347 2363 833 2364 
3348 2365 2364 834 
3349 833 2366 2364 
3350 2366 2367 2364 
3351 2366 832 2367 
3352 2364 2367 834 
3353 833 2368 2366 
3354 2368 2359 2366 
3355 2368 363 2359 
3356 2366 2359 832 
3357 834 2367 2369 
3358 2367 2362 2369 
3359 2367 832 2362 
3360 2369 2362 362 
3361 384 2370 1618 
3362 2370 2371 1618 
3363 2370 835 2371 
3364 1618 2371 640 
3365 835 2372 2371 
3366 2372 2373 2371 
3367 2372 836 2373 
3368 2371 2373 640 
3369 835 2374 2372 
3370 2374 2375 2372 
3371 2374 430 2375 
3372 2372 2375 836 
3373 640 2373 1614 
3374 2373 2376 1614 
3375 2373 836 2376 
3376 1614 2376 313 
3377 361 2365 2378 
3378 2365 2377 2378 
3379 2365 834 2377 
3380 2378 2377 838 
3381 834 2379 2377 
3382 2379 2380 2377 
3383 2379 837 2380 
3384 2377 2380 838 
3385 834 2369 2379 
3386 2369 2381 2379 
3387 2369 362 2381 
3388 2379 2381 837 
3389 838 2380 2383 
3390 2380 2382 2383 
3391 2380 837 2382 
3392 2383 2382 360 
3393 310 1981 1922 
3394 1981 2384 1922 
3395 1981 735 2384 
3396 1922 2384 719 
3397 735 2385 2384 
3398 2385 2386 2384 
3399 2385 728 2386 
3400 2384 2386 719 
3401 735 1985 2385 
3402 1985 1955 2385 
3403 1985 397 1955 
3404 2385 1955 728 
3405 719 2386 1926 
3406 2386 1959 1926 
3407 2386 728 1959 
3408 1926 1959 396 
3409 133 2338 45 
3410 2338 2387 45 
3411 2338 826 2387 
3412 45 2387 106 
3413 826 2388 2387 
3414 2388 2389 2387 
3415 2388 825 2389 
3416 2387 2389 106 
3417 826 2337 2388 
3418 2337 2333 2388 
3419 2337 417 2333 
3420 2388 2333 825 
3421 106 2389 46 
3422 2389 2329 46 
3423 2389 825 2329 
3424 46 2329 134 
3425 359 2390 2392 
3426 2390 2391 2392 
3427 2390 839 2391 
3428 2392 2391 840 
3429 839 2393 2391 
3430 2393 2394 2391 
3431 2393 838 2394 
3432 2391 2394 840 
3433 839 2395 2393 
3434 2395 2378 2393 
3435 2395 361 2378 
3436 2393 2378 838 
3437 840 2394 2396 
3438 2394 2383 2396 
3439 2394 838 2383 
3440 2396 2383 360 
3441 308 1630 1986 
3442 1630 2397 1986 
3443 1630 643 2397 
3444 1986 2397 736 
3445 643 2398 2397 
3446 2398 2399 2397 
3447 2398 841 2399 
3448 2397 2399 736 
3449 643 1629 2398 
3450 1629 2400 2398 
3451 1629 435 2400 
3452 2398 2400 841 
3453 736 2399 1991 
3454 2399 2401 1991 
3455 2399 841 2401 
3456 1991 2401 411 
3457 418 2402 1825 
3458 2402 2403 1825 
3459 2402 842 2403 
3460 1825 2403 694 
3461 842 2404 2403 
3462 2404 2405 2403 
3463 2404 843 2405 
3464 2403 2405 694 
3465 842 2406 2404 
3466 2406 2407 2404 
3467 2406 432 2407 
3468 2404 2407 843 
3469 694 2405 1826 
3470 2405 2408 1826 
3471 2405 843 2408 
3472 1826 2408 415 
3473 397 1974 2313 
3474 1974 2409 2313 
3475 1974 733 2409 
3476 2313 2409 820 
3477 733 2410 2409 
3478 2410 2411 2409 
3479 2410 520 2411 
3480 2409 2411 820 
3481 733 1978 2410 
3482 1978 1214 2410 
3483 1978 409 1214 
3484 2410 1214 520 
3485 820 2411 2317 
3486 2411 1209 2317 
3487 2411 520 1209 
3488 2317 1209 400 
3489 381 2412 1904 
3490 2412 2413 1904 
3491 2412 844 2413 
3492 1904 2413 714 
3493 844 2414 2413 
3494 2414 2415 2413 
3495 2414 845 2415 
3496 2413 2415 714 
3497 844 2416 2414 
3498 2416 2417 2414 
3499 2416 479 2417 
3500 2414 2417 845 
3501 714 2415 1899 
3502 2415 2418 1899 
3503 2415 845 2418 
3504 1899 2418 323 
3505 359 2392 2420 
3506 2392 2419 2420 
3507 2392 840 2419 
3508 2420 2419 847 
3509 840 2421 2419 
3510 2421 2422 2419 
3511 2421 846 2422 
3512 2419 2422 847 
3513 840 2396 2421 
3514 2396 2423 2421 
3515 2396 360 2423 
3516 2421 2423 846 
3517 847 2422 2425 
3518 2422 2424 2425 
3519 2422 846 2424 
3520 2425 2424 357 
3521 401 2426 1643 
3522 2426 2427 1643 
3523 2426 848 2427 
3524 1643 2427 647 
3525 848 2428 2427 
3526 2428 2429 2427 
3527 2428 670 2429 
3528 2427 2429 647 
3529 848 2430 2428 
3530 2430 1726 2428 
3531 2430 419 1726 
3532 2428 1726 670 
3533 647 2429 1647 
3534 2429 1722 1647 
3535 2429 670 1722 
3536 1647 1722 406 
3537 355 2431 2433 
3538 2431 2432 2433 
3539 2431 849 2432 
3540 2433 2432 851 
3541 849 2434 2432 
3542 2434 2435 2432 
3543 2434 850 2435 
3544 2432 2435 851 
3545 849 2436 2434 
3546 2436 2437 2434 
3547 2436 358 2437 
3548 2434 2437 850 
3549 851 2435 2439 
3550 2435 2438 2439 
3551 2435 850 2438 
3552 2439 2438 357 
3553 358 1179 2437 
3554 1179 2440 2437 
3555 1179 510 2440 
3556 2437 2440 850 
3557 510 2441 2440 
3558 2441 2442 2440 
3559 2441 847 2442 
3560 2440 2442 850 
3561 510 1178 2441 
3562 1178 2420 2441 
3563 1178 359 2420 
3564 2441 2420 847 
3565 850 2442 2438 
3566 2442 2425 2438 
3567 2442 847 2425 
3568 2438 2425 357 
3569 400 2443 2318 
3570 2443 2444 2318 
3571 2443 852 2444 
3572 2318 2444 821 
3573 852 2445 2444 
3574 2445 2446 2444 
3575 2445 853 2446 
3576 2444 2446 821 
3577 852 2447 2445 
3578 2447 2448 2445 
3579 2447 419 2448 
3580 2445 2448 853 
3581 821 2446 2319 
3582 2446 2449 2319 
3583 2446 853 2449 
3584 2319 2449 398 
3585 262 2450 2007 
3586 2450 2451 2007 
3587 2450 854 2451 
3588 2007 2451 742 
3589 854 2452 2451 
3590 2452 2453 2451 
3591 2452 607 2453 
3592 2451 2453 742 
3593 854 2454 2452 
3594 2454 1502 2452 
3595 2454 421 1502 
3596 2452 1502 607 
3597 742 2453 2011 
3598 2453 1497 2011 
3599 2453 607 1497 
3600 2011 1497 308 
3601 322 1118 2101 
3602 1118 2455 2101 
3603 1118 490 2455 
3604 2101 2455 765 
3605 490 2456 2455 
3606 2456 2457 2455 
3607 2456 855 2457 
3608 2455 2457 765 
3609 490 1117 2456 
3610 1117 2458 2456 
3611 1117 421 2458 
3612 2456 2458 855 
3613 765 2457 2102 
3614 2457 2459 2102 
3615 2457 855 2459 
3616 2102 2459 261 
3617 439 2460 1321 
3618 2460 2461 1321 
3619 2460 856 2461 
3620 1321 2461 553 
3621 856 2462 2461 
3622 2462 2463 2461 
3623 2462 857 2463 
3624 2461 2463 553 
3625 856 2464 2462 
3626 2464 2465 2462 
3627 2464 481 2465 
3628 2462 2465 857 
3629 553 2463 1322 
3630 2463 2466 1322 
3631 2463 857 2466 
3632 1322 2466 416 
3633 418 1796 1426 
3634 1796 2467 1426 
3635 1796 688 2467 
3636 1426 2467 585 
3637 688 2468 2467 
3638 2468 2469 2467 
3639 2468 852 2469 
3640 2467 2469 585 
3641 688 1795 2468 
3642 1795 2447 2468 
3643 1795 419 2447 
3644 2468 2447 852 
3645 585 2469 1427 
3646 2469 2443 1427 
3647 2469 852 2443 
3648 1427 2443 400 
3649 408 2470 1487 
3650 2470 2471 1487 
3651 2470 858 2471 
3652 1487 2471 603 
3653 858 2472 2471 
3654 2472 2473 2471 
3655 2472 859 2473 
3656 2471 2473 603 
3657 858 2474 2472 
3658 2474 2475 2472 
3659 2474 422 2475 
3660 2472 2475 859 
3661 603 2473 1488 
3662 2473 2476 1488 
3663 2473 859 2476 
3664 1488 2476 320 
3665 265 1874 173 
3666 1874 2477 173 
3667 1874 706 2477 
3668 173 2477 238 
3669 706 2478 2477 
3670 2478 2479 2477 
3671 2478 860 2479 
3672 2477 2479 238 
3673 706 1873 2478 
3674 1873 2480 2478 
3675 1873 420 2480 
3676 2478 2480 860 
3677 238 2479 174 
3678 2479 2481 174 
3679 2479 860 2481 
3680 174 2481 266 
3681 114 2482 63 
3682 2482 2483 63 
3683 2482 861 2483 
3684 63 2483 87 
3685 861 2484 2483 
3686 2484 2485 2483 
3687 2484 862 2485 
3688 2483 2485 87 
3689 861 2486 2484 
3690 2486 2487 2484 
3691 2486 441 2487 
3692 2484 2487 862 
3693 87 2485 64 
3694 2485 2488 64 
3695 2485 862 2488 
3696 64 2488 115 
3697 266 2481 1888 
3698 2481 2489 1888 
3699 2481 860 2489 
3700 1888 2489 711 
3701 860 2490 2489 
3702 2490 2491 2489 
3703 2490 587 2491 
3704 2489 2491 711 
3705 860 2480 2490 
3706 2480 1429 2490 
3707 2480 420 1429 
3708 2490 1429 587 
3709 711 2491 1892 
3710 2491 1434 1892 
3711 2491 587 1434 
3712 1892 1434 306 
3713 119 2492 1960 
3714 2492 2493 1960 
3715 2492 863 2493 
3716 1960 2493 729 
3717 863 2494 2493 
3718 2494 2495 2493 
3719 2494 864 2495 
3720 2493 2495 729 
3721 863 2496 2494 
3722 2496 2497 2494 
3723 2496 424 2497 
3724 2494 2497 864 
3725 729 2495 1964 
3726 2495 2498 1964 
3727 2495 864 2498 
3728 1964 2498 307 
3729 324 1556 1970 
3730 1556 2499 1970 
3731 1556 624 2499 
3732 1970 2499 731 
3733 624 2500 2499 
3734 2500 2501 2499 
3735 2500 865 2501 
3736 2499 2501 731 
3737 624 1555 2500 
3738 1555 2502 2500 
3739 1555 424 2502 
3740 2500 2502 865 
3741 731 2501 1971 
3742 2501 2503 1971 
3743 2501 865 2503 
3744 1971 2503 118 
3745 372 2504 2266 
3746 2504 2505 2266 
3747 2504 866 2505 
3748 2266 2505 807 
3749 866 2506 2505 
3750 2506 2507 2505 
3751 2506 867 2507 
3752 2505 2507 807 
3753 866 2508 2506 
3754 2508 2509 2506 
3755 2508 422 2509 
3756 2506 2509 867 
3757 807 2507 2271 
3758 2507 2510 2271 
3759 2507 867 2510 
3760 2271 2510 374 
3761 377 2511 2212 
3762 2511 2512 2212 
3763 2511 868 2512 
3764 2212 2512 792 
3765 868 2513 2512 
3766 2513 2514 2512 
3767 2513 858 2514 
3768 2512 2514 792 
3769 868 2515 2513 
3770 2515 2474 2513 
3771 2515 422 2474 
3772 2513 2474 858 
3773 792 2514 2217 
3774 2514 2470 2217 
3775 2514 858 2470 
3776 2217 2470 408 
3777 398 2449 1893 
3778 2449 2516 1893 
3779 2449 853 2516 
3780 1893 2516 712 
3781 853 2517 2516 
3782 2517 2518 2516 
3783 2517 848 2518 
3784 2516 2518 712 
3785 853 2448 2517 
3786 2448 2430 2517 
3787 2448 419 2430 
3788 2517 2430 848 
3789 712 2518 1897 
3790 2518 2426 1897 
3791 2518 848 2426 
3792 1897 2426 401 
3793 355 2433 2520 
3794 2433 2519 2520 
3795 2433 851 2519 
3796 2520 2519 870 
3797 851 2521 2519 
3798 2521 2522 2519 
3799 2521 869 2522 
3800 2519 2522 870 
3801 851 2439 2521 
3802 2439 2523 2521 
3803 2439 357 2523 
3804 2521 2523 869 
3805 870 2522 2525 
3806 2522 2524 2525 
3807 2522 869 2524 
3808 2525 2524 356 
3809 335 2526 1838 
3810 2526 2527 1838 
3811 2526 871 2527 
3812 1838 2527 698 
3813 871 2528 2527 
3814 2528 2529 2527 
3815 2528 495 2529 
3816 2527 2529 698 
3817 871 2530 2528 
3818 2530 1133 2528 
3819 2530 448 1133 
3820 2528 1133 495 
3821 698 2529 1839 
3822 2529 1129 1839 
3823 2529 495 1129 
3824 1839 1129 137 
3825 408 1594 2218 
3826 1594 2531 2218 
3827 1594 634 2531 
3828 2218 2531 793 
3829 634 2532 2531 
3830 2532 2533 2531 
3831 2532 844 2533 
3832 2531 2533 793 
3833 634 1593 2532 
3834 1593 2416 2532 
3835 1593 479 2416 
3836 2532 2416 844 
3837 793 2533 2219 
3838 2533 2412 2219 
3839 2533 844 2412 
3840 2219 2412 381 
3841 261 2459 165 
3842 2459 2534 165 
3843 2459 855 2534 
3844 165 2534 234 
3845 855 2535 2534 
3846 2535 2536 2534 
3847 2535 854 2536 
3848 2534 2536 234 
3849 855 2458 2535 
3850 2458 2454 2535 
3851 2458 421 2454 
3852 2535 2454 854 
3853 234 2536 166 
3854 2536 2450 166 
3855 2536 854 2450 
3856 166 2450 262 
3857 345 2537 2539 
3858 2537 2538 2539 
3859 2537 872 2538 
3860 2539 2538 874 
3861 872 2540 2538 
3862 2540 2541 2538 
3863 2540 873 2541 
3864 2538 2541 874 
3865 872 2542 2540 
3866 2542 2543 2540 
3867 2542 393 2543 
3868 2540 2543 873 
3869 874 2541 2545 
3870 2541 2544 2545 
3871 2541 873 2544 
3872 2545 2544 339 
3873 312 1309 2106 
3874 1309 2546 2106 
3875 1309 550 2546 
3876 2106 2546 766 
3877 550 2547 2546 
3878 2547 2548 2546 
3879 2547 875 2548 
3880 2546 2548 766 
3881 550 1308 2547 
3882 1308 2549 2547 
3883 1308 427 2549 
3884 2547 2549 875 
3885 766 2548 2107 
3886 2548 2550 2107 
3887 2548 875 2550 
3888 2107 2550 125 
3889 355 2520 2552 
3890 2520 2551 2552 
3891 2520 870 2551 
3892 2552 2551 876 
3893 870 2553 2551 
3894 2553 2554 2551 
3895 2553 562 2554 
3896 2551 2554 876 
3897 870 2525 2553 
3898 2525 1352 2553 
3899 2525 356 1352 
3900 2553 1352 562 
3901 876 2554 2555 
3902 2554 1347 2555 
3903 2554 562 1347 
3904 2555 1347 354 
3905 318 1753 2031 
3906 1753 2556 2031 
3907 1753 677 2556 
3908 2031 2556 748 
3909 677 2557 2556 
3910 2557 2558 2556 
3911 2557 877 2558 
3912 2556 2558 748 
3913 677 1752 2557 
3914 1752 2559 2557 
3915 1752 440 2559 
3916 2557 2559 877 
3917 748 2558 2035 
3918 2558 2560 2035 
3919 2558 877 2560 
3920 2035 2560 412 
3921 22 2561 8 
3922 2561 2562 8 
3923 2561 878 2562 
3924 8 2562 17 
3925 878 2563 2562 
3926 2563 2564 2562 
3927 2563 879 2564 
3928 2562 2564 17 
3929 878 2565 2563 
3930 2565 2566 2563 
3931 2565 315 2566 
3932 2563 2566 879 
3933 17 2564 9 
3934 2564 2567 9 
3935 2564 879 2567 
3936 9 2567 23 
3937 382 2568 1542 
3938 2568 2569 1542 
3939 2568 880 2569 
3940 1542 2569 620 
3941 880 2570 2569 
3942 2570 2571 2569 
3943 2570 881 2571 
3944 2569 2571 620 
3945 880 2572 2570 
3946 2572 2573 2570 
3947 2572 455 2573 
3948 2570 2573 881 
3949 620 2571 1543 
3950 2571 2574 1543 
3951 2571 881 2574 
3952 1543 2574 316 
3953 114 2575 2482 
3954 2575 2576 2482 
3955 2575 882 2576 
3956 2482 2576 861 
3957 882 2577 2576 
3958 2577 2578 2576 
3959 2577 883 2578 
3960 2576 2578 861 
3961 882 2579 2577 
3962 2579 2580 2577 
3963 2579 443 2580 
3964 2577 2580 883 
3965 861 2578 2486 
3966 2578 2581 2486 
3967 2578 883 2581 
3968 2486 2581 441 
3969 374 2510 2242 
3970 2510 2582 2242 
3971 2510 867 2582 
3972 2242 2582 801 
3973 867 2583 2582 
3974 2583 2584 2582 
3975 2583 868 2584 
3976 2582 2584 801 
3977 867 2509 2583 
3978 2509 2515 2583 
3979 2509 422 2515 
3980 2583 2515 868 
3981 801 2584 2247 
3982 2584 2511 2247 
3983 2584 868 2511 
3984 2247 2511 377 
3985 349 2585 1419 
3986 2585 2586 1419 
3987 2585 884 2586 
3988 1419 2586 583 
3989 884 2587 2586 
3990 2587 2588 2586 
3991 2587 885 2588 
3992 2586 2588 583 
3993 884 2589 2587 
3994 2589 2590 2587 
3995 2589 471 2590 
3996 2587 2590 885 
3997 583 2588 1420 
3998 2588 2591 1420 
3999 2588 885 2591 
4000 1420 2591 272 
4001 391 2592 1421 
4002 2592 2593 1421 
4003 2592 886 2593 
4004 1421 2593 584 
4005 886 2594 2593 
4006 2594 2595 2593 
4007 2594 842 2595 
4008 2593 2595 584 
4009 886 2596 2594 
4010 2596 2406 2594 
4011 2596 432 2406 
4012 2594 2406 842 
4013 584 2595 1425 
4014 2595 2402 1425 
4015 2595 842 2402 
4016 1425 2402 418 
4017 385 2597 2204 
4018 2597 2598 2204 
4019 2597 887 2598 
4020 2204 2598 789 
4021 887 2599 2598 
4022 2599 2600 2598 
4023 2599 835 2600 
4024 2598 2600 789 
4025 887 2601 2599 
4026 2601 2374 2599 
4027 2601 430 2374 
4028 2599 2374 835 
4029 789 2600 2205 
4030 2600 2370 2205 
4031 2600 835 2370 
4032 2205 2370 384 
4033 392 2602 2150 
4034 2602 2603 2150 
4035 2602 888 2603 
4036 2150 2603 774 
4037 888 2604 2603 
4038 2604 2605 2603 
4039 2604 889 2605 
4040 2603 2605 774 
4041 888 2606 2604 
4042 2606 2607 2604 
4043 2606 430 2607 
4044 2604 2607 889 
4045 774 2605 2151 
4046 2605 2608 2151 
4047 2605 889 2608 
4048 2151 2608 388 
4049 435 2609 2400 
4050 2609 2610 2400 
4051 2609 890 2610 
4052 2400 2610 841 
4053 890 2611 2610 
4054 2611 2612 2610 
4055 2611 891 2612 
4056 2610 2612 841 
4057 890 2613 2611 
4058 2613 2614 2611 
4059 2613 458 2614 
4060 2611 2614 891 
4061 841 2612 2401 
4062 2612 2615 2401 
4063 2612 891 2615 
4064 2401 2615 411 
4065 118 2503 71 
4066 2503 2616 71 
4067 2503 865 2616 
4068 71 2616 91 
4069 865 2617 2616 
4070 2617 2618 2616 
4071 2617 863 2618 
4072 2616 2618 91 
4073 865 2502 2617 
4074 2502 2496 2617 
4075 2502 424 2496 
4076 2617 2496 863 
4077 91 2618 72 
4078 2618 2492 72 
4079 2618 863 2492 
4080 72 2492 119 
4081 342 2619 2621 
4082 2619 2620 2621 
4083 2619 892 2620 
4084 2621 2620 893 
4085 892 2622 2620 
4086 2622 2623 2620 
4087 2622 506 2623 
4088 2620 2623 893 
4089 892 2624 2622 
4090 2624 1168 2622 
4091 2624 452 1168 
4092 2622 1168 506 
4093 893 2623 2625 
4094 2623 1163 2625 
4095 2623 506 1163 
4096 2625 1163 328 
4097 370 2626 2278 
4098 2626 2627 2278 
4099 2626 894 2627 
4100 2278 2627 810 
4101 894 2628 2627 
4102 2628 2629 2627 
4103 2628 895 2629 
4104 2627 2629 810 
4105 894 2630 2628 
4106 2630 2631 2628 
4107 2630 434 2631 
4108 2628 2631 895 
4109 810 2629 2283 
4110 2629 2632 2283 
4111 2629 895 2632 
4112 2283 2632 372 
4113 393 1246 2543 
4114 1246 2633 2543 
4115 1246 530 2633 
4116 2543 2633 873 
4117 530 2634 2633 
4118 2634 2635 2633 
4119 2634 896 2635 
4120 2633 2635 873 
4121 530 1245 2634 
4122 1245 2636 2634 
4123 1245 442 2636 
4124 2634 2636 896 
4125 873 2635 2544 
4126 2635 2637 2544 
4127 2635 896 2637 
4128 2544 2637 339 
4129 348 2638 2640 
4130 2638 2639 2640 
4131 2638 897 2639 
4132 2640 2639 898 
4133 897 2641 2639 
4134 2641 2642 2639 
4135 2641 876 2642 
4136 2639 2642 898 
4137 897 2643 2641 
4138 2643 2552 2641 
4139 2643 355 2552 
4140 2641 2552 876 
4141 898 2642 2644 
4142 2642 2555 2644 
4143 2642 876 2555 
4144 2644 2555 354 
4145 247 2645 1490 
4146 2645 2646 1490 
4147 2645 899 2646 
4148 1490 2646 605 
4149 899 2647 2646 
4150 2647 2648 2646 
4151 2647 900 2648 
4152 2646 2648 605 
4153 899 2649 2647 
4154 2649 2650 2647 
4155 2649 469 2650 
4156 2647 2650 900 
4157 605 2648 1494 
4158 2648 2651 1494 
4159 2648 900 2651 
4160 1494 2651 403 
4161 410 1933 2653 
4162 1933 2652 2653 
4163 1933 721 2652 
4164 2653 2652 902 
4165 721 2654 2652 
4166 2654 2655 2652 
4167 2654 901 2655 
4168 2652 2655 902 
4169 721 1932 2654 
4170 1932 2656 2654 
4171 1932 464 2656 
4172 2654 2656 901 
4173 902 2655 2658 
4174 2655 2657 2658 
4175 2655 901 2657 
4176 2658 2657 315 
4177 125 2550 29 
4178 2550 2659 29 
4179 2550 875 2659 
4180 29 2659 98 
4181 875 2660 2659 
4182 2660 2661 2659 
4183 2660 903 2661 
4184 2659 2661 98 
4185 875 2549 2660 
4186 2549 2662 2660 
4187 2549 427 2662 
4188 2660 2662 903 
4189 98 2661 30 
4190 2661 2663 30 
4191 2661 903 2663 
4192 30 2663 126 
4193 23 2664 10 
4194 2664 2665 10 
4195 2664 904 2665 
4196 10 2665 18 
4197 904 2666 2665 
4198 2666 2667 2665 
4199 2666 905 2667 
4200 2665 2667 18 
4201 904 2668 2666 
4202 2668 2669 2666 
4203 2668 428 2669 
4204 2666 2669 905 
4205 18 2667 11 
4206 2667 2670 11 
4207 2667 905 2670 
4208 11 2670 24 
4209 355 2671 2431 
4210 2671 2672 2431 
4211 2671 906 2672 
4212 2431 2672 849 
4213 906 2673 2672 
4214 2673 2674 2672 
4215 2673 567 2674 
4216 2672 2674 849 
4217 906 2675 2673 
4218 2675 1367 2673 
4219 2675 431 1367 
4220 2673 1367 567 
4221 849 2674 2436 
4222 2674 1363 2436 
4223 2674 567 1363 
4224 2436 1363 358 
4225 348 2640 2677 
4226 2640 2676 2677 
4227 2640 898 2676 
4228 2677 2676 908 
4229 898 2678 2676 
4230 2678 2679 2676 
4231 2678 907 2679 
4232 2676 2679 908 
4233 898 2644 2678 
4234 2644 2680 2678 
4235 2644 354 2680 
4236 2678 2680 907 
4237 908 2679 2682 
4238 2679 2681 2682 
4239 2679 907 2681 
4240 2682 2681 347 
4241 362 2683 2381 
4242 2683 2684 2381 
4243 2683 909 2684 
4244 2381 2684 837 
4245 909 2685 2684 
4246 2685 2686 2684 
4247 2685 557 2686 
4248 2684 2686 837 
4249 909 2687 2685 
4250 2687 1326 2685 
4251 2687 433 1326 
4252 2685 1326 557 
4253 837 2686 2382 
4254 2686 1332 2382 
4255 2686 557 1332 
4256 2382 1332 360 
4257 363 2688 2320 
4258 2688 2689 2320 
4259 2688 910 2689 
4260 2320 2689 822 
4261 910 2690 2689 
4262 2690 2691 2689 
4263 2690 642 2691 
4264 2689 2691 822 
4265 910 2692 2690 
4266 2692 1628 2690 
4267 2692 435 1628 
4268 2690 1628 642 
4269 822 2691 2325 
4270 2691 1624 2325 
4271 2691 642 1624 
4272 2325 1624 367 
4273 425 2693 2695 
4274 2693 2694 2695 
4275 2693 911 2694 
4276 2695 2694 913 
4277 911 2696 2694 
4278 2696 2697 2694 
4279 2696 912 2697 
4280 2694 2697 913 
4281 911 2698 2696 
4282 2698 2699 2696 
4283 2698 477 2699 
4284 2696 2699 912 
4285 913 2697 2701 
4286 2697 2700 2701 
4287 2697 912 2700 
4288 2701 2700 327 
4289 440 2702 2559 
4290 2702 2703 2559 
4291 2702 914 2703 
4292 2559 2703 877 
4293 914 2704 2703 
4294 2704 2705 2703 
4295 2704 915 2705 
4296 2703 2705 877 
4297 914 2706 2704 
4298 2706 2707 2704 
4299 2706 466 2707 
4300 2704 2707 915 
4301 877 2705 2560 
4302 2705 2708 2560 
4303 2705 915 2708 
4304 2560 2708 412 
4305 131 1250 41 
4306 1250 2709 41 
4307 1250 534 2709 
4308 41 2709 104 
4309 534 2710 2709 
4310 2710 2711 2709 
4311 2710 916 2711 
4312 2709 2711 104 
4313 534 1256 2710 
4314 1256 2712 2710 
4315 1256 437 2712 
4316 2710 2712 916 
4317 104 2711 42 
4318 2711 2713 42 
4319 2711 916 2713 
4320 42 2713 132 
4321 110 2714 55 
4322 2714 2715 55 
4323 2714 917 2715 
4324 55 2715 83 
4325 917 2716 2715 
4326 2716 2717 2715 
4327 2716 918 2717 
4328 2715 2717 83 
4329 917 2718 2716 
4330 2718 2719 2716 
4331 2718 453 2719 
4332 2716 2719 918 
4333 83 2717 56 
4334 2717 2720 56 
4335 2717 918 2720 
4336 56 2720 111 
4337 394 2721 2723 
4338 2721 2722 2723 
4339 2721 919 2722 
4340 2723 2722 921 
4341 919 2724 2722 
4342 2724 2725 2722 
4343 2724 920 2725 
4344 2722 2725 921 
4345 919 2726 2724 
4346 2726 2727 2724 
4347 2726 478 2727 
4348 2724 2727 920 
4349 921 2725 2729 
4350 2725 2728 2729 
4351 2725 920 2728 
4352 2729 2728 121 
4353 346 2730 2732 
4354 2730 2731 2732 
4355 2730 922 2731 
4356 2732 2731 923 
4357 922 2733 2731 
4358 2733 2734 2731 
4359 2733 908 2734 
4360 2731 2734 923 
4361 922 2735 2733 
4362 2735 2677 2733 
4363 2735 348 2677 
4364 2733 2677 908 
4365 923 2734 2736 
4366 2734 2682 2736 
4367 2734 908 2682 
4368 2736 2682 347 
4369 366 2737 2355 
4370 2737 2738 2355 
4371 2737 924 2738 
4372 2355 2738 830 
4373 924 2739 2738 
4374 2739 2740 2738 
4375 2739 676 2740 
4376 2738 2740 830 
4377 924 2741 2739 
4378 2741 1751 2739 
4379 2741 440 1751 
4380 2739 1751 676 
4381 830 2740 2356 
4382 2740 1746 2356 
4383 2740 676 1746 
4384 2356 1746 365 
4385 407 2742 1193 
4386 2742 2743 1193 
4387 2742 925 2743 
4388 1193 2743 515 
4389 925 2744 2743 
4390 2744 2745 2743 
4391 2744 926 2745 
4392 2743 2745 515 
4393 925 2746 2744 
4394 2746 2747 2744 
4395 2746 449 2747 
4396 2744 2747 926 
4397 515 2745 1194 
4398 2745 2748 1194 
4399 2745 926 2748 
4400 1194 2748 254 
4401 346 2732 2750 
4402 2732 2749 2750 
4403 2732 923 2749 
4404 2750 2749 928 
4405 923 2751 2749 
4406 2751 2752 2749 
4407 2751 927 2752 
4408 2749 2752 928 
4409 923 2736 2751 
4410 2736 2753 2751 
4411 2736 347 2753 
4412 2751 2753 927 
4413 928 2752 2755 
4414 2752 2754 2755 
4415 2752 927 2754 
4416 2755 2754 345 
4417 127 2756 2133 
4418 2756 2757 2133 
4419 2756 929 2757 
4420 2133 2757 772 
4421 929 2758 2757 
4422 2758 2759 2757 
4423 2758 930 2759 
4424 2757 2759 772 
4425 929 2760 2758 
4426 2760 2761 2758 
4427 2760 444 2761 
4428 2758 2761 930 
4429 772 2759 2137 
4430 2759 2762 2137 
4431 2759 930 2762 
4432 2137 2762 311 
4433 360 1331 2423 
4434 1331 2763 2423 
4435 1331 556 2763 
4436 2423 2763 846 
4437 556 2764 2763 
4438 2764 2765 2763 
4439 2764 931 2765 
4440 2763 2765 846 
4441 556 1330 2764 
4442 1330 2766 2764 
4443 1330 438 2766 
4444 2764 2766 931 
4445 846 2765 2424 
4446 2765 2767 2424 
4447 2765 931 2767 
4448 2424 2767 357 
4449 423 2768 1744 
4450 2768 2769 1744 
4451 2768 932 2769 
4452 1744 2769 675 
4453 932 2770 2769 
4454 2770 2771 2769 
4455 2770 690 2771 
4456 2769 2771 675 
4457 932 2772 2770 
4458 2772 1805 2770 
4459 2772 451 1805 
4460 2770 1805 690 
4461 675 2771 1745 
4462 2771 1801 1745 
4463 2771 690 1801 
4464 1745 1801 158 
4465 315 2773 2566 
4466 2773 2774 2566 
4467 2773 933 2774 
4468 2566 2774 879 
4469 933 2775 2774 
4470 2775 2776 2774 
4471 2775 904 2776 
4472 2774 2776 879 
4473 933 2777 2775 
4474 2777 2668 2775 
4475 2777 428 2668 
4476 2775 2668 904 
4477 879 2776 2567 
4478 2776 2664 2567 
4479 2776 904 2664 
4480 2567 2664 23 
4481 130 2778 39 
4482 2778 2779 39 
4483 2778 934 2779 
4484 39 2779 103 
4485 934 2780 2779 
4486 2780 2781 2779 
4487 2780 532 2781 
4488 2779 2781 103 
4489 934 2782 2780 
4490 2782 1253 2780 
4491 2782 445 1253 
4492 2780 1253 532 
4493 103 2781 26 
4494 2781 1248 26 
4495 2781 532 1248 
4496 26 1248 131 
4497 345 2783 2537 
4498 2783 2784 2537 
4499 2783 935 2784 
4500 2537 2784 872 
4501 935 2785 2784 
4502 2785 2786 2784 
4503 2785 936 2786 
4504 2784 2786 872 
4505 935 2787 2785 
4506 2787 2788 2785 
4507 2787 426 2788 
4508 2785 2788 936 
4509 872 2786 2542 
4510 2786 2789 2542 
4511 2786 936 2789 
4512 2542 2789 393 
4513 380 2790 2193 
4514 2790 2791 2193 
4515 2790 937 2791 
4516 2193 2791 787 
4517 937 2792 2791 
4518 2792 2793 2791 
4519 2792 571 2793 
4520 2791 2793 787 
4521 937 2794 2792 
4522 2794 1382 2792 
4523 2794 446 1382 
4524 2792 1382 571 
4525 787 2793 2198 
4526 2793 1377 2198 
4527 2793 571 1377 
4528 2198 1377 386 
4529 381 1903 2225 
4530 1903 2795 2225 
4531 1903 713 2795 
4532 2225 2795 795 
4533 713 2796 2795 
4534 2796 2797 2795 
4535 2796 938 2797 
4536 2795 2797 795 
4537 713 1902 2796 
4538 1902 2798 2796 
4539 1902 446 2798 
4540 2796 2798 938 
4541 795 2797 2226 
4542 2797 2799 2226 
4543 2797 938 2799 
4544 2226 2799 378 
4545 254 2748 207 
4546 2748 2800 207 
4547 2748 926 2800 
4548 207 2800 227 
4549 926 2801 2800 
4550 2801 2802 2800 
4551 2801 939 2802 
4552 2800 2802 227 
4553 926 2747 2801 
4554 2747 2803 2801 
4555 2747 449 2803 
4556 2801 2803 939 
4557 227 2802 208 
4558 2802 2804 208 
4559 2802 939 2804 
4560 208 2804 255 
4561 274 2805 286 
4562 2805 2806 286 
4563 2805 940 2806 
4564 286 2806 284 
4565 940 2807 2806 
4566 2807 2808 2806 
4567 2807 941 2808 
4568 2806 2808 284 
4569 940 2809 2807 
4570 2809 2810 2807 
4571 2809 317 2810 
4572 2807 2810 941 
4573 284 2808 287 
4574 2808 2811 287 
4575 2808 941 2811 
4576 287 2811 283 
4577 269 2812 181 
4578 2812 2813 181 
4579 2812 942 2813 
4580 181 2813 242 
4581 942 2814 2813 
4582 2814 2815 2813 
4583 2814 535 2815 
4584 2813 2815 242 
4585 942 2816 2814 
4586 2816 1261 2814 
4587 2816 462 1261 
4588 2814 1261 535 
4589 242 2815 182 
4590 2815 1257 182 
4591 2815 535 1257 
4592 182 1257 270 
4593 387 2817 2174 
4594 2817 2818 2174 
4595 2817 943 2818 
4596 2174 2818 782 
4597 943 2819 2818 
4598 2819 2820 2818 
4599 2819 592 2820 
4600 2818 2820 782 
4601 943 2821 2819 
4602 2821 1454 2819 
4603 2821 456 1454 
4604 2819 1454 592 
4605 782 2820 2178 
4606 2820 1449 2178 
4607 2820 592 1449 
4608 2178 1449 389 
4609 307 2822 1965 
4610 2822 2823 1965 
4611 2822 944 2823 
4612 1965 2823 730 
4613 944 2824 2823 
4614 2824 2825 2823 
4615 2824 945 2825 
4616 2823 2825 730 
4617 944 2826 2824 
4618 2826 2827 2824 
4619 2826 467 2827 
4620 2824 2827 945 
4621 730 2825 1966 
4622 2825 2828 1966 
4623 2825 945 2828 
4624 1966 2828 120 
4625 388 2608 2159 
4626 2608 2829 2159 
4627 2608 889 2829 
4628 2159 2829 777 
4629 889 2830 2829 
4630 2830 2831 2829 
4631 2830 887 2831 
4632 2829 2831 777 
4633 889 2607 2830 
4634 2607 2601 2830 
4635 2607 430 2601 
4636 2830 2601 887 
4637 777 2831 2160 
4638 2831 2597 2160 
4639 2831 887 2597 
4640 2160 2597 385 
4641 121 2728 77 
4642 2728 2832 77 
4643 2728 920 2832 
4644 77 2832 94 
4645 920 2833 2832 
4646 2833 2834 2832 
4647 2833 946 2834 
4648 2832 2834 94 
4649 920 2727 2833 
4650 2727 2835 2833 
4651 2727 478 2835 
4652 2833 2835 946 
4653 94 2834 78 
4654 2834 2836 78 
4655 2834 946 2836 
4656 78 2836 122 
4657 323 2418 2123 
4658 2418 2837 2123 
4659 2418 845 2837 
4660 2123 2837 770 
4661 845 2838 2837 
4662 2838 2839 2837 
4663 2838 947 2839 
4664 2837 2839 770 
4665 845 2417 2838 
4666 2417 2840 2838 
4667 2417 479 2840 
4668 2838 2840 947 
4669 770 2839 2124 
4670 2839 2841 2124 
4671 2839 947 2841 
4672 2124 2841 256 
4673 379 1339 2239 
4674 1339 2842 2239 
4675 1339 559 2842 
4676 2239 2842 799 
4677 559 2843 2842 
4678 2843 2844 2842 
4679 2843 948 2844 
4680 2842 2844 799 
4681 559 1338 2843 
4682 1338 2845 2843 
4683 1338 470 2845 
4684 2843 2845 948 
4685 799 2844 2240 
4686 2844 2846 2240 
4687 2844 948 2846 
4688 2240 2846 376 
4689 444 2847 2761 
4690 2847 2848 2761 
4691 2847 949 2848 
4692 2761 2848 930 
4693 949 2849 2848 
4694 2849 2850 2848 
4695 2849 558 2850 
4696 2848 2850 930 
4697 949 2851 2849 
4698 2851 1337 2849 
4699 2851 470 1337 
4700 2849 1337 558 
4701 930 2850 2762 
4702 2850 1333 2762 
4703 2850 558 1333 
4704 2762 1333 311 
4705 344 2852 2854 
4706 2852 2853 2854 
4707 2852 950 2853 
4708 2854 2853 951 
4709 950 2855 2853 
4710 2855 2856 2853 
4711 2855 928 2856 
4712 2853 2856 951 
4713 950 2857 2855 
4714 2857 2750 2855 
4715 2857 346 2750 
4716 2855 2750 928 
4717 951 2856 2858 
4718 2856 2755 2858 
4719 2856 928 2755 
4720 2858 2755 345 
4721 416 2859 2297 
4722 2859 2860 2297 
4723 2859 952 2860 
4724 2297 2860 815 
4725 952 2861 2860 
4726 2861 2862 2860 
4727 2861 708 2862 
4728 2860 2862 815 
4729 952 2863 2861 
4730 2863 1880 2861 
4731 2863 429 1880 
4732 2861 1880 708 
4733 815 2862 2298 
4734 2862 1876 2298 
4735 2862 708 1876 
4736 2298 1876 112 
4737 424 2864 2497 
4738 2864 2865 2497 
4739 2864 953 2865 
4740 2497 2865 864 
4741 953 2866 2865 
4742 2866 2867 2865 
4743 2866 580 2867 
4744 2865 2867 864 
4745 953 2868 2866 
4746 2868 1412 2866 
4747 2868 438 1412 
4748 2866 1412 580 
4749 864 2867 2498 
4750 2867 1407 2498 
4751 2867 580 1407 
4752 2498 1407 307 
4753 365 1887 2342 
4754 1887 2869 2342 
4755 1887 710 2869 
4756 2342 2869 827 
4757 710 2870 2869 
4758 2870 2871 2869 
4759 2870 919 2871 
4760 2869 2871 827 
4761 710 1886 2870 
4762 1886 2726 2870 
4763 1886 478 2726 
4764 2870 2726 919 
4765 827 2871 2347 
4766 2871 2721 2347 
4767 2871 919 2721 
4768 2347 2721 394 
4769 347 2872 2753 
4770 2872 2873 2753 
4771 2872 954 2873 
4772 2753 2873 927 
4773 954 2874 2873 
4774 2874 2875 2873 
4775 2874 935 2875 
4776 2873 2875 927 
4777 954 2876 2874 
4778 2876 2787 2874 
4779 2876 426 2787 
4780 2874 2787 935 
4781 927 2875 2754 
4782 2875 2783 2754 
4783 2875 935 2783 
4784 2754 2783 345 
4785 291 2877 296 
4786 2877 2878 296 
4787 2877 955 2878 
4788 296 2878 293 
4789 955 2879 2878 
4790 2879 2880 2878 
4791 2879 956 2880 
4792 2878 2880 293 
4793 955 2881 2879 
4794 2881 2882 2879 
4795 2881 327 2882 
4796 2879 2882 956 
4797 293 2880 297 
4798 2880 2883 297 
4799 2880 956 2883 
4800 297 2883 290 
4801 14 2884 191 
4802 2884 2885 191 
4803 2884 957 2885 
4804 191 2885 219 
4805 957 2886 2885 
4806 2886 2887 2885 
4807 2886 899 2887 
4808 2885 2887 219 
4809 957 2888 2886 
4810 2888 2649 2886 
4811 2888 469 2649 
4812 2886 2649 899 
4813 219 2887 192 
4814 2887 2645 192 
4815 2887 899 2645 
4816 192 2645 247 
4817 416 2466 2859 
4818 2466 2889 2859 
4819 2466 857 2889 
4820 2859 2889 952 
4821 857 2890 2889 
4822 2890 2891 2889 
4823 2890 958 2891 
4824 2889 2891 952 
4825 857 2465 2890 
4826 2465 2892 2890 
4827 2465 481 2892 
4828 2890 2892 958 
4829 952 2891 2863 
4830 2891 2893 2863 
4831 2891 958 2893 
4832 2863 2893 429 
4833 290 2894 301 
4834 2894 2895 301 
4835 2894 959 2895 
4836 301 2895 299 
4837 959 2896 2895 
4838 2896 2897 2895 
4839 2896 960 2897 
4840 2895 2897 299 
4841 959 2898 2896 
4842 2898 2899 2896 
4843 2898 330 2899 
4844 2896 2899 960 
4845 299 2897 302 
4846 2897 2900 302 
4847 2897 960 2900 
4848 302 2900 298 
4849 161 2901 149 
4850 2901 2902 149 
4851 2901 961 2902 
4852 149 2902 156 
4853 961 2903 2902 
4854 2903 2904 2902 
4855 2903 917 2904 
4856 2902 2904 156 
4857 961 2905 2903 
4858 2905 2718 2903 
4859 2905 453 2718 
4860 2903 2718 917 
4861 156 2904 138 
4862 2904 2714 138 
4863 2904 917 2714 
4864 138 2714 110 
4865 21 1812 6 
4866 1812 2906 6 
4867 1812 692 2906 
4868 6 2906 16 
4869 692 2907 2906 
4870 2907 2908 2906 
4871 2907 962 2908 
4872 2906 2908 16 
4873 692 1811 2907 
4874 1811 2909 2907 
4875 1811 454 2909 
4876 2907 2909 962 
4877 16 2908 7 
4878 2908 2910 7 
4879 2908 962 2910 
4880 7 2910 22 
4881 370 2911 2626 
4882 2911 2912 2626 
4883 2911 963 2912 
4884 2626 2912 894 
4885 963 2913 2912 
4886 2913 2914 2912 
4887 2913 964 2914 
4888 2912 2914 894 
4889 963 2915 2913 
4890 2915 2916 2913 
4891 2915 457 2916 
4892 2913 2916 964 
4893 894 2914 2630 
4894 2914 2917 2630 
4895 2914 964 2917 
4896 2630 2917 434 
4897 427 1773 2662 
4898 1773 2918 2662 
4899 1773 683 2918 
4900 2662 2918 903 
4901 683 2919 2918 
4902 2919 2920 2918 
4903 2919 965 2920 
4904 2918 2920 903 
4905 683 1772 2919 
4906 1772 2921 2919 
4907 1772 444 2921 
4908 2919 2921 965 
4909 903 2920 2663 
4910 2920 2922 2663 
4911 2920 965 2922 
4912 2663 2922 126 
4913 275 2923 280 
4914 2923 2924 280 
4915 2923 966 2924 
4916 280 2924 277 
4917 966 2925 2924 
4918 2925 2926 2924 
4919 2925 967 2926 
4920 2924 2926 277 
4921 966 2927 2925 
4922 2927 2928 2925 
4923 2927 314 2928 
4924 2925 2928 967 
4925 277 2926 281 
4926 2926 2929 281 
4927 2926 967 2929 
4928 281 2929 274 
4929 344 2854 2931 
4930 2854 2930 2931 
4931 2854 951 2930 
4932 2931 2930 968 
4933 951 2932 2930 
4934 2932 2933 2930 
4935 2932 874 2933 
4936 2930 2933 968 
4937 951 2858 2932 
4938 2858 2539 2932 
4939 2858 345 2539 
4940 2932 2539 874 
4941 968 2933 2934 
4942 2933 2545 2934 
4943 2933 874 2545 
4944 2934 2545 339 
4945 342 2935 2619 
4946 2935 2936 2619 
4947 2935 969 2936 
4948 2619 2936 892 
4949 969 2937 2936 
4950 2937 2938 2936 
4951 2937 970 2938 
4952 2936 2938 892 
4953 969 2939 2937 
4954 2939 2940 2937 
4955 2939 481 2940 
4956 2937 2940 970 
4957 892 2938 2624 
4958 2938 2941 2624 
4959 2938 970 2941 
4960 2624 2941 452 
4961 386 1392 2179 
4962 1392 2942 2179 
4963 1392 575 2942 
4964 2179 2942 783 
4965 575 2943 2942 
4966 2943 2944 2942 
4967 2943 925 2944 
4968 2942 2944 783 
4969 575 1391 2943 
4970 1391 2746 2943 
4971 1391 449 2746 
4972 2943 2746 925 
4973 783 2944 2184 
4974 2944 2742 2184 
4975 2944 925 2742 
4976 2184 2742 407 
4977 426 2945 2788 
4978 2945 2946 2788 
4979 2945 971 2946 
4980 2788 2946 936 
4981 971 2947 2946 
4982 2947 2948 2946 
4983 2947 972 2948 
4984 2946 2948 936 
4985 971 2949 2947 
4986 2949 2950 2947 
4987 2949 482 2950 
4988 2947 2950 972 
4989 936 2948 2789 
4990 2948 2951 2789 
4991 2948 972 2951 
4992 2789 2951 393 
4993 305 2952 1467 
4994 2952 2953 1467 
4995 2952 973 2953 
4996 1467 2953 598 
4997 973 2954 2953 
4998 2954 2955 2953 
4999 2954 971 2955 
5000 2953 2955 598 
5001 973 2956 2954 
5002 2956 2949 2954 
5003 2956 482 2949 
5004 2954 2949 971 
5005 598 2955 1472 
5006 2955 2945 1472 
5007 2955 971 2945 
5008 1472 2945 426 
5009 115 2488 1655 
5010 2488 2957 1655 
5011 2488 862 2957 
5012 1655 2957 650 
5013 862 2958 2957 
5014 2958 2959 2957 
5015 2958 974 2959 
5016 2957 2959 650 
5017 862 2487 2958 
5018 2487 2960 2958 
5019 2487 441 2960 
5020 2958 2960 974 
5021 650 2959 1659 
5022 2959 2961 1659 
5023 2959 974 2961 
5024 1659 2961 305 
5025 411 2615 2001 
5026 2615 2962 2001 
5027 2615 891 2962 
5028 2001 2962 740 
5029 891 2963 2962 
5030 2963 2964 2962 
5031 2963 644 2964 
5032 2962 2964 740 
5033 891 2614 2963 
5034 2614 1635 2963 
5035 2614 458 1635 
5036 2963 1635 644 
5037 740 2964 2002 
5038 2964 1631 2002 
5039 2964 644 1631 
5040 2002 1631 325 
5041 429 2893 1302 
5042 2893 2965 1302 
5043 2893 958 2965 
5044 1302 2965 548 
5045 958 2966 2965 
5046 2966 2967 2965 
5047 2966 969 2967 
5048 2965 2967 548 
5049 958 2892 2966 
5050 2892 2939 2966 
5051 2892 481 2939 
5052 2966 2939 969 
5053 548 2967 1296 
5054 2967 2935 1296 
5055 2967 969 2935 
5056 1296 2935 342 
5057 333 2968 2970 
5058 2968 2969 2970 
5059 2968 975 2969 
5060 2970 2969 977 
5061 975 2971 2969 
5062 2971 2972 2969 
5063 2971 976 2972 
5064 2969 2972 977 
5065 975 2973 2971 
5066 2973 2974 2971 
5067 2973 336 2974 
5068 2971 2974 976 
5069 977 2972 2976 
5070 2972 2975 2976 
5071 2972 976 2975 
5072 2976 2975 314 
5073 320 2977 2041 
5074 2977 2978 2041 
5075 2977 978 2978 
5076 2041 2978 750 
5077 978 2979 2978 
5078 2979 2980 2978 
5079 2979 979 2980 
5080 2978 2980 750 
5081 978 2981 2979 
5082 2981 2982 2979 
5083 2981 434 2982 
5084 2979 2982 979 
5085 750 2980 2046 
5086 2980 2983 2046 
5087 2980 979 2983 
5088 2046 2983 414 
5089 356 2984 1550 
5090 2984 2985 1550 
5091 2984 980 2985 
5092 1550 2985 623 
5093 980 2986 2985 
5094 2986 2987 2985 
5095 2986 953 2987 
5096 2985 2987 623 
5097 980 2988 2986 
5098 2988 2868 2986 
5099 2988 438 2868 
5100 2986 2868 953 
5101 623 2987 1554 
5102 2987 2864 1554 
5103 2987 953 2864 
5104 1554 2864 424 
5105 368 1573 2299 
5106 1573 2989 2299 
5107 1573 628 2989 
5108 2299 2989 816 
5109 628 2990 2989 
5110 2990 2991 2989 
5111 2990 963 2991 
5112 2989 2991 816 
5113 628 1572 2990 
5114 1572 2915 2990 
5115 1572 457 2915 
5116 2990 2915 963 
5117 816 2991 2304 
5118 2991 2911 2304 
5119 2991 963 2911 
5120 2304 2911 370 
5121 447 2992 1705 
5122 2992 2993 1705 
5123 2992 981 2993 
5124 1705 2993 664 
5125 981 2994 2993 
5126 2994 2995 2993 
5127 2994 880 2995 
5128 2993 2995 664 
5129 981 2996 2994 
5130 2996 2572 2994 
5131 2996 455 2572 
5132 2994 2572 880 
5133 664 2995 1706 
5134 2995 2568 1706 
5135 2995 880 2568 
5136 1706 2568 382 
5137 259 1402 189 
5138 1402 2997 189 
5139 1402 579 2997 
5140 189 2997 218 
5141 579 2998 2997 
5142 2998 2999 2997 
5143 2998 982 2999 
5144 2997 2999 218 
5145 579 1406 2998 
5146 1406 3000 2998 
5147 1406 468 3000 
5148 2998 3000 982 
5149 218 2999 204 
5150 2999 3001 204 
5151 2999 982 3001 
5152 204 3001 150 
5153 341 3002 3004 
5154 3002 3003 3004 
5155 3002 983 3003 
5156 3004 3003 984 
5157 983 3005 3003 
5158 3005 3006 3003 
5159 3005 893 3006 
5160 3003 3006 984 
5161 983 3007 3005 
5162 3007 2621 3005 
5163 3007 342 2621 
5164 3005 2621 893 
5165 984 3006 3008 
5166 3006 2625 3008 
5167 3006 893 2625 
5168 3008 2625 328 
5169 392 1269 2602 
5170 1269 3009 2602 
5171 1269 537 3009 
5172 2602 3009 888 
5173 537 3010 3009 
5174 3010 3011 3009 
5175 3010 985 3011 
5176 3009 3011 888 
5177 537 1268 3010 
5178 1268 3012 3010 
5179 1268 445 3012 
5180 3010 3012 985 
5181 888 3011 2606 
5182 3011 3013 2606 
5183 3011 985 3013 
5184 2606 3013 430 
5185 415 2408 2056 
5186 2408 3014 2056 
5187 2408 843 3014 
5188 2056 3014 754 
5189 843 3015 3014 
5190 3015 3016 3014 
5191 3015 622 3016 
5192 3014 3016 754 
5193 843 2407 3015 
5194 2407 1546 3015 
5195 2407 432 1546 
5196 3015 1546 622 
5197 754 3016 2057 
5198 3016 1549 2057 
5199 3016 622 1549 
5200 2057 1549 309 
5201 282 3017 294 
5202 3017 3018 294 
5203 3017 986 3018 
5204 294 3018 292 
5205 986 3019 3018 
5206 3019 3020 3018 
5207 3019 987 3020 
5208 3018 3020 292 
5209 986 3021 3019 
5210 3021 3022 3019 
5211 3021 331 3022 
5212 3019 3022 987 
5213 292 3020 295 
5214 3020 3023 295 
5215 3020 987 3023 
5216 295 3023 291 
5217 272 2591 187 
5218 2591 3024 187 
5219 2591 885 3024 
5220 187 3024 245 
5221 885 3025 3024 
5222 3025 3026 3024 
5223 3025 578 3026 
5224 3024 3026 245 
5225 885 2590 3025 
5226 2590 1405 3025 
5227 2590 471 1405 
5228 3025 1405 578 
5229 245 3026 188 
5230 3026 1400 188 
5231 3026 578 1400 
5232 188 1400 259 
5233 315 3027 2658 
5234 3027 3028 2658 
5235 3027 988 3028 
5236 2658 3028 902 
5237 988 3029 3028 
5238 3029 3030 3028 
5239 3029 989 3030 
5240 3028 3030 902 
5241 988 3031 3029 
5242 3031 3032 3029 
5243 3031 454 3032 
5244 3029 3032 989 
5245 902 3030 2653 
5246 3030 3033 2653 
5247 3030 989 3033 
5248 2653 3033 410 
5249 338 3034 3036 
5250 3034 3035 3036 
5251 3034 990 3035 
5252 3036 3035 991 
5253 990 3037 3035 
5254 3037 3038 3035 
5255 3037 968 3038 
5256 3035 3038 991 
5257 990 3039 3037 
5258 3039 2931 3037 
5259 3039 344 2931 
5260 3037 2931 968 
5261 991 3038 3040 
5262 3038 2934 3040 
5263 3038 968 2934 
5264 3040 2934 339 
5265 113 1509 61 
5266 1509 3041 61 
5267 1509 609 3041 
5268 61 3041 86 
5269 609 3042 3041 
5270 3042 3043 3041 
5271 3042 992 3043 
5272 3041 3043 86 
5273 609 1508 3042 
5274 1508 3044 3042 
5275 1508 436 3044 
5276 3042 3044 992 
5277 86 3043 62 
5278 3043 3045 62 
5279 3043 992 3045 
5280 62 3045 114 
5281 327 3046 2701 
5282 3046 3047 2701 
5283 3046 993 3047 
5284 2701 3047 913 
5285 993 3048 3047 
5286 3048 3049 3047 
5287 3048 994 3049 
5288 3047 3049 913 
5289 993 3050 3048 
5290 3050 3051 3048 
5291 3050 465 3051 
5292 3048 3051 994 
5293 913 3049 2695 
5294 3049 3052 2695 
5295 3049 994 3052 
5296 2695 3052 425 
5297 24 3053 12 
5298 3053 3054 12 
5299 3053 995 3054 
5300 12 3054 19 
5301 995 3055 3054 
5302 3055 3056 3054 
5303 3055 957 3056 
5304 3054 3056 19 
5305 995 3057 3055 
5306 3057 2888 3055 
5307 3057 469 2888 
5308 3055 2888 957 
5309 19 3056 13 
5310 3056 2884 13 
5311 3056 957 2884 
5312 13 2884 14 
5313 412 2708 2028 
5314 2708 3058 2028 
5315 2708 915 3058 
5316 2028 3058 746 
5317 915 3059 3058 
5318 3059 3060 3058 
5319 3059 722 3060 
5320 3058 3060 746 
5321 915 2707 3059 
5322 2707 1941 3059 
5323 2707 466 1941 
5324 3059 1941 722 
5325 746 3060 2029 
5326 3060 1937 2029 
5327 3060 722 1937 
5328 2029 1937 312 
5329 410 3033 1920 
5330 3033 3061 1920 
5331 3033 989 3061 
5332 1920 3061 718 
5333 989 3062 3061 
5334 3062 3063 3061 
5335 3062 691 3063 
5336 3061 3063 718 
5337 989 3032 3062 
5338 3032 1810 3062 
5339 3032 454 1810 
5340 3062 1810 691 
5341 718 3063 1921 
5342 3063 1806 1921 
5343 3063 691 1806 
5344 1921 1806 405 
5345 389 1451 2162 
5346 1451 3064 2162 
5347 1451 594 3064 
5348 2162 3064 779 
5349 594 3065 3064 
5350 3065 3066 3064 
5351 3065 886 3066 
5352 3064 3066 779 
5353 594 1457 3065 
5354 1457 2596 3065 
5355 1457 432 2596 
5356 3065 2596 886 
5357 779 3066 2167 
5358 3066 2592 2167 
5359 3066 886 2592 
5360 2167 2592 391 
5361 338 3036 3068 
5362 3036 3067 3068 
5363 3036 991 3067 
5364 3068 3067 997 
5365 991 3069 3067 
5366 3069 3070 3067 
5367 3069 996 3070 
5368 3067 3070 997 
5369 991 3040 3069 
5370 3040 3071 3069 
5371 3040 339 3071 
5372 3069 3071 996 
5373 997 3070 3073 
5374 3070 3072 3073 
5375 3070 996 3072 
5376 3073 3072 336 
5377 394 3074 2348 
5378 3074 3075 2348 
5379 3074 998 3075 
5380 2348 3075 828 
5381 998 3076 3075 
5382 3076 3077 3075 
5383 3076 909 3077 
5384 3075 3077 828 
5385 998 3078 3076 
5386 3078 2687 3076 
5387 3078 433 2687 
5388 3076 2687 909 
5389 828 3077 2349 
5390 3077 2683 2349 
5391 3077 909 2683 
5392 2349 2683 362 
5393 422 3079 2475 
5394 3079 3080 2475 
5395 3079 999 3080 
5396 2475 3080 859 
5397 999 3081 3080 
5398 3081 3082 3080 
5399 3081 978 3082 
5400 3080 3082 859 
5401 999 3083 3081 
5402 3083 2981 3081 
5403 3083 434 2981 
5404 3081 2981 978 
5405 859 3082 2476 
5406 3082 2977 2476 
5407 3082 978 2977 
5408 2476 2977 320 
5409 372 2632 2504 
5410 2632 3084 2504 
5411 2632 895 3084 
5412 2504 3084 866 
5413 895 3085 3084 
5414 3085 3086 3084 
5415 3085 999 3086 
5416 3084 3086 866 
5417 895 2631 3085 
5418 2631 3083 3085 
5419 2631 434 3083 
5420 3085 3083 999 
5421 866 3086 2508 
5422 3086 3079 2508 
5423 3086 999 3079 
5424 2508 3079 422 
5425 348 3087 2638 
5426 3087 3088 2638 
5427 3087 1000 3088 
5428 2638 3088 897 
5429 1000 3089 3088 
5430 3089 3090 3088 
5431 3089 906 3090 
5432 3088 3090 897 
5433 1000 3091 3089 
5434 3091 2675 3089 
5435 3091 431 2675 
5436 3089 2675 906 
5437 897 3090 2643 
5438 3090 2671 2643 
5439 3090 906 2671 
5440 2643 2671 355 
5441 361 3092 2363 
5442 3092 3093 2363 
5443 3092 1001 3093 
5444 2363 3093 833 
5445 1001 3094 3093 
5446 3094 3095 3093 
5447 3094 910 3095 
5448 3093 3095 833 
5449 1001 3096 3094 
5450 3096 2692 3094 
5451 3096 435 2692 
5452 3094 2692 910 
5453 833 3095 2368 
5454 3095 2688 2368 
5455 3095 910 2688 
5456 2368 2688 363 
5457 347 3097 2872 
5458 3097 3098 2872 
5459 3097 1002 3098 
5460 2872 3098 954 
5461 1002 3099 3098 
5462 3099 3100 3098 
5463 3099 654 3100 
5464 3098 3100 954 
5465 1002 3101 3099 
5466 3101 1673 3099 
5467 3101 459 1673 
5468 3099 1673 654 
5469 954 3100 2876 
5470 3100 1669 2876 
5471 3100 654 1669 
5472 2876 1669 426 
5473 433 3102 1413 
5474 3102 3103 1413 
5475 3102 1003 3103 
5476 1413 3103 581 
5477 1003 3104 3103 
5478 3104 3105 3103 
5479 3104 944 3105 
5480 3103 3105 581 
5481 1003 3106 3104 
5482 3106 2826 3104 
5483 3106 467 2826 
5484 3104 2826 944 
5485 581 3105 1409 
5486 3105 2822 1409 
5487 3105 944 2822 
5488 1409 2822 307 
5489 340 3107 3109 
5490 3107 3108 3109 
5491 3107 1004 3108 
5492 3109 3108 1005 
5493 1004 3110 3108 
5494 3110 3111 3108 
5495 3110 577 3111 
5496 3108 3111 1005 
5497 1004 3112 3110 
5498 3112 1395 3110 
5499 3112 423 1395 
5500 3110 1395 577 
5501 1005 3111 3113 
5502 3111 1399 3113 
5503 3111 577 1399 
5504 3113 1399 352 
5505 337 1846 1560 
5506 1846 3114 1560 
5507 1846 700 3114 
5508 1560 3114 625 
5509 700 3115 3114 
5510 3115 3116 3114 
5511 3115 961 3116 
5512 3114 3116 625 
5513 700 1845 3115 
5514 1845 2905 3115 
5515 1845 453 2905 
5516 3115 2905 961 
5517 625 3116 1561 
5518 3116 2901 1561 
5519 3116 961 2901 
5520 1561 2901 161 
5521 330 3117 3119 
5522 3117 3118 3119 
5523 3117 1006 3118 
5524 3119 3118 1008 
5525 1006 3120 3118 
5526 3120 3121 3118 
5527 3120 1007 3121 
5528 3118 3121 1008 
5529 1006 3122 3120 
5530 3122 3123 3120 
5531 3122 364 3123 
5532 3120 3123 1007 
5533 1008 3121 3125 
5534 3121 3124 3125 
5535 3121 1007 3124 
5536 3125 3124 340 
5537 132 2713 2076 
5538 2713 3126 2076 
5539 2713 916 3126 
5540 2076 3126 760 
5541 916 3127 3126 
5542 3127 3128 3126 
5543 3127 1009 3128 
5544 3126 3128 760 
5545 916 2712 3127 
5546 2712 3129 3127 
5547 2712 437 3129 
5548 3127 3129 1009 
5549 760 3128 2080 
5550 3128 3130 2080 
5551 3128 1009 3130 
5552 2080 3130 319 
5553 111 2720 2292 
5554 2720 3131 2292 
5555 2720 918 3131 
5556 2292 3131 814 
5557 918 3132 3131 
5558 3132 3133 3131 
5559 3132 699 3133 
5560 3131 3133 814 
5561 918 2719 3132 
5562 2719 1844 3132 
5563 2719 453 1844 
5564 3132 1844 699 
5565 814 3133 2296 
5566 3133 1840 2296 
5567 3133 699 1840 
5568 2296 1840 416 
5569 329 1138 3135 
5570 1138 3134 3135 
5571 1138 499 3134 
5572 3135 3134 1011 
5573 499 3136 3134 
5574 3136 3137 3134 
5575 3136 1010 3137 
5576 3134 3137 1011 
5577 499 1144 3136 
5578 1144 3138 3136 
5579 1144 343 3138 
5580 3136 3138 1010 
5581 1011 3137 3140 
5582 3137 3139 3140 
5583 3137 1010 3139 
5584 3140 3139 341 
5585 316 3141 1688 
5586 3141 3142 1688 
5587 3141 1012 3142 
5588 1688 3142 659 
5589 1012 3143 3142 
5590 3143 3144 3142 
5591 3143 942 3144 
5592 3142 3144 659 
5593 1012 3145 3143 
5594 3145 2816 3143 
5595 3145 462 2816 
5596 3143 2816 942 
5597 659 3144 1689 
5598 3144 2812 1689 
5599 3144 942 2812 
5600 1689 2812 269 
5601 369 3146 2310 
5602 3146 3147 2310 
5603 3146 1013 3147 
5604 2310 3147 818 
5605 1013 3148 3147 
5606 3148 3149 3147 
5607 3148 924 3149 
5608 3147 3149 818 
5609 1013 3150 3148 
5610 3150 2741 3148 
5611 3150 440 2741 
5612 3148 2741 924 
5613 818 3149 2311 
5614 3149 2737 2311 
5615 3149 924 2737 
5616 2311 2737 366 
5617 405 1447 1719 
5618 1447 3151 1719 
5619 1447 590 3151 
5620 1719 3151 668 
5621 590 3152 3151 
5622 3152 3153 3151 
5623 3152 871 3153 
5624 3151 3153 668 
5625 590 1446 3152 
5626 1446 2530 3152 
5627 1446 448 2530 
5628 3152 2530 871 
5629 668 3153 1720 
5630 3153 2526 1720 
5631 3153 871 2526 
5632 1720 2526 335 
5633 333 3154 2968 
5634 3154 3155 2968 
5635 3154 1014 3155 
5636 2968 3155 975 
5637 1014 3156 3155 
5638 3156 3157 3155 
5639 3156 997 3157 
5640 3155 3157 975 
5641 1014 3158 3156 
5642 3158 3068 3156 
5643 3158 338 3068 
5644 3156 3068 997 
5645 975 3157 2973 
5646 3157 3073 2973 
5647 3157 997 3073 
5648 2973 3073 336 
5649 357 2767 2523 
5650 2767 3159 2523 
5651 2767 931 3159 
5652 2523 3159 869 
5653 931 3160 3159 
5654 3160 3161 3159 
5655 3160 980 3161 
5656 3159 3161 869 
5657 931 2766 3160 
5658 2766 2988 3160 
5659 2766 438 2988 
5660 3160 2988 980 
5661 869 3161 2524 
5662 3161 2984 2524 
5663 3161 980 2984 
5664 2524 2984 356 
5665 126 2922 31 
5666 2922 3162 31 
5667 2922 965 3162 
5668 31 3162 99 
5669 965 3163 3162 
5670 3163 3164 3162 
5671 3163 929 3164 
5672 3162 3164 99 
5673 965 2921 3163 
5674 2921 2760 3163 
5675 2921 444 2760 
5676 3163 2760 929 
5677 99 3164 32 
5678 3164 2756 32 
5679 3164 929 2756 
5680 32 2756 127 
5681 291 3165 2877 
5682 3165 3166 2877 
5683 3165 1015 3166 
5684 2877 3166 955 
5685 1015 3167 3166 
5686 3167 3168 3166 
5687 3167 993 3168 
5688 3166 3168 955 
5689 1015 3169 3167 
5690 3169 3050 3167 
5691 3169 465 3050 
5692 3167 3050 993 
5693 955 3168 2881 
5694 3168 3046 2881 
5695 3168 993 3046 
5696 2881 3046 327 
5697 333 3170 3154 
5698 3170 3171 3154 
5699 3170 1016 3171 
5700 3154 3171 1014 
5701 1016 3172 3171 
5702 3172 3173 3171 
5703 3172 1017 3173 
5704 3171 3173 1014 
5705 1016 3174 3172 
5706 3174 3175 3172 
5707 3174 351 3175 
5708 3172 3175 1017 
5709 1014 3173 3158 
5710 3173 3176 3158 
5711 3173 1017 3176 
5712 3158 3176 338 
5713 375 3177 1767 
5714 3177 3178 1767 
5715 3177 1018 3178 
5716 1767 3178 682 
5717 1018 3179 3178 
5718 3179 3180 3178 
5719 3179 949 3180 
5720 3178 3180 682 
5721 1018 3181 3179 
5722 3181 2851 3179 
5723 3181 470 2851 
5724 3179 2851 949 
5725 682 3180 1771 
5726 3180 2847 1771 
5727 3180 949 2847 
5728 1771 2847 444 
5729 317 1436 3183 
5730 1436 3182 3183 
5731 1436 588 3182 
5732 3183 3182 1020 
5733 588 3184 3182 
5734 3184 3185 3182 
5735 3184 1019 3185 
5736 3182 3185 1020 
5737 588 1439 3184 
5738 1439 3186 3184 
5739 1439 329 3186 
5740 3184 3186 1019 
5741 1020 3185 3188 
5742 3185 3187 3188 
5743 3185 1019 3187 
5744 3188 3187 328 
5745 437 1376 3129 
5746 1376 3189 3129 
5747 1376 570 3189 
5748 3129 3189 1009 
5749 570 3190 3189 
5750 3190 3191 3189 
5751 3190 1021 3191 
5752 3189 3191 1009 
5753 570 1375 3190 
5754 1375 3192 3190 
5755 1375 463 3192 
5756 3190 3192 1021 
5757 1009 3191 3130 
5758 3191 3193 3130 
5759 3191 1021 3193 
5760 3130 3193 319 
5761 403 3194 1610 
5762 3194 3195 1610 
5763 3194 1022 3195 
5764 1610 3195 638 
5765 1022 3196 3195 
5766 3196 3197 3195 
5767 3196 720 3197 
5768 3195 3197 638 
5769 1022 3198 3196 
5770 3198 1931 3196 
5771 3198 464 1931 
5772 3196 1931 720 
5773 638 3197 1611 
5774 3197 1927 1611 
5775 3197 720 1927 
5776 1611 1927 402 
5777 361 3199 3092 
5778 3199 3200 3092 
5779 3199 1023 3200 
5780 3092 3200 1001 
5781 1023 3201 3200 
5782 3201 3202 3200 
5783 3201 890 3202 
5784 3200 3202 1001 
5785 1023 3203 3201 
5786 3203 2613 3201 
5787 3203 458 2613 
5788 3201 2613 890 
5789 1001 3202 3096 
5790 3202 2609 3096 
5791 3202 890 2609 
5792 3096 2609 435 
5793 317 3183 2810 
5794 3183 3204 2810 
5795 3183 1020 3204 
5796 2810 3204 941 
5797 1020 3205 3204 
5798 3205 3206 3204 
5799 3205 508 3206 
5800 3204 3206 941 
5801 1020 3188 3205 
5802 3188 1165 3205 
5803 3188 328 1165 
5804 3205 1165 508 
5805 941 3206 2811 
5806 3206 1171 2811 
5807 3206 508 1171 
5808 2811 1171 283 
5809 430 3013 2375 
5810 3013 3207 2375 
5811 3013 985 3207 
5812 2375 3207 836 
5813 985 3208 3207 
5814 3208 3209 3207 
5815 3208 1024 3209 
5816 3207 3209 836 
5817 985 3012 3208 
5818 3012 3210 3208 
5819 3012 445 3210 
5820 3208 3210 1024 
5821 836 3209 2376 
5822 3209 3211 2376 
5823 3209 1024 3211 
5824 2376 3211 313 
5825 313 3211 2086 
5826 3211 3212 2086 
5827 3211 1024 3212 
5828 2086 3212 762 
5829 1024 3213 3212 
5830 3213 3214 3212 
5831 3213 934 3214 
5832 3212 3214 762 
5833 1024 3210 3213 
5834 3210 2782 3213 
5835 3210 445 2782 
5836 3213 2782 934 
5837 762 3214 2087 
5838 3214 2778 2087 
5839 3214 934 2778 
5840 2087 2778 130 
5841 348 3215 3087 
5842 3215 3216 3087 
5843 3215 1025 3216 
5844 3087 3216 1000 
5845 1025 3217 3216 
5846 3217 3218 3216 
5847 3217 679 3218 
5848 3216 3218 1000 
5849 1025 3219 3217 
5850 3219 1759 3217 
5851 3219 447 1759 
5852 3217 1759 679 
5853 1000 3218 3091 
5854 3218 1755 3091 
5855 3218 679 1755 
5856 3091 1755 431 
5857 378 2799 2228 
5858 2799 3220 2228 
5859 2799 938 3220 
5860 2228 3220 797 
5861 938 3221 3220 
5862 3221 3222 3220 
5863 3221 937 3222 
5864 3220 3222 797 
5865 938 2798 3221 
5866 2798 2794 3221 
5867 2798 446 2794 
5868 3221 2794 937 
5869 797 3222 2233 
5870 3222 2790 2233 
5871 3222 937 2790 
5872 2233 2790 380 
5873 332 3223 3225 
5874 3223 3224 3225 
5875 3223 1026 3224 
5876 3225 3224 1027 
5877 1026 3226 3224 
5878 3226 3227 3224 
5879 3226 977 3227 
5880 3224 3227 1027 
5881 1026 3228 3226 
5882 3228 2970 3226 
5883 3228 333 2970 
5884 3226 2970 977 
5885 1027 3227 3229 
5886 3227 2976 3229 
5887 3227 977 2976 
5888 3229 2976 314 
5889 329 3135 3186 
5890 3135 3230 3186 
5891 3135 1011 3230 
5892 3186 3230 1019 
5893 1011 3231 3230 
5894 3231 3232 3230 
5895 3231 984 3232 
5896 3230 3232 1019 
5897 1011 3140 3231 
5898 3140 3004 3231 
5899 3140 341 3004 
5900 3231 3004 984 
5901 1019 3232 3187 
5902 3232 3008 3187 
5903 3232 984 3008 
5904 3187 3008 328 
5905 369 3233 3146 
5906 3233 3234 3146 
5907 3233 1028 3234 
5908 3146 3234 1013 
5909 1028 3235 3234 
5910 3235 3236 3234 
5911 3235 914 3236 
5912 3234 3236 1013 
5913 1028 3237 3235 
5914 3237 2706 3235 
5915 3237 466 2706 
5916 3235 2706 914 
5917 1013 3236 3150 
5918 3236 2702 3150 
5919 3236 914 2702 
5920 3150 2702 440 
5921 341 3238 3002 
5922 3238 3239 3002 
5923 3238 1029 3239 
5924 3002 3239 983 
5925 1029 3240 3239 
5926 3240 3241 3239 
5927 3240 546 3241 
5928 3239 3241 983 
5929 1029 3242 3240 
5930 3242 1299 3240 
5931 3242 436 1299 
5932 3240 1299 546 
5933 983 3241 3007 
5934 3241 1294 3007 
5935 3241 546 1294 
5936 3007 1294 342 
5937 255 2804 2118 
5938 2804 3243 2118 
5939 2804 939 3243 
5940 2118 3243 769 
5941 939 3244 3243 
5942 3244 3245 3243 
5943 3244 574 3245 
5944 3243 3245 769 
5945 939 2803 3244 
5946 2803 1390 3244 
5947 2803 449 1390 
5948 3244 1390 574 
5949 769 3245 2122 
5950 3245 1386 2122 
5951 3245 574 1386 
5952 2122 1386 323 
5953 330 3246 2899 
5954 3246 3247 2899 
5955 3246 1030 3247 
5956 2899 3247 960 
5957 1030 3248 3247 
5958 3248 3249 3247 
5959 3248 1031 3249 
5960 3247 3249 960 
5961 1030 3250 3248 
5962 3250 3251 3248 
5963 3250 334 3251 
5964 3248 3251 1031 
5965 960 3249 2900 
5966 3249 3252 2900 
5967 3249 1031 3252 
5968 2900 3252 298 
5969 121 3253 2729 
5970 3253 3254 2729 
5971 3253 1032 3254 
5972 2729 3254 921 
5973 1032 3255 3254 
5974 3255 3256 3254 
5975 3255 1033 3256 
5976 3254 3256 921 
5977 1032 3257 3255 
5978 3257 3258 3255 
5979 3257 467 3258 
5980 3255 3258 1033 
5981 921 3256 2723 
5982 3256 3259 2723 
5983 3256 1033 3259 
5984 2723 3259 394 
5985 403 2651 3261 
5986 2651 3260 3261 
5987 2651 900 3260 
5988 3261 3260 1035 
5989 900 3262 3260 
5990 3262 3263 3260 
5991 3262 1034 3263 
5992 3260 3263 1035 
5993 900 2650 3262 
5994 2650 3264 3262 
5995 2650 469 3264 
5996 3262 3264 1034 
5997 1035 3263 3266 
5998 3263 3265 3266 
5999 3263 1034 3265 
6000 3266 3265 428 
6001 150 3001 139 
6002 3001 3267 139 
6003 3001 982 3267 
6004 139 3267 151 
6005 982 3268 3267 
6006 3268 3269 3267 
6007 3268 1036 3269 
6008 3267 3269 151 
6009 982 3000 3268 
6010 3000 3270 3268 
6011 3000 468 3270 
6012 3268 3270 1036 
6013 151 3269 140 
6014 3269 3271 140 
6015 3269 1036 3271 
6016 140 3271 157 
6017 331 3272 3022 
6018 3272 3273 3022 
6019 3272 1037 3273 
6020 3022 3273 987 
6021 1037 3274 3273 
6022 3274 3275 3273 
6023 3274 1015 3275 
6024 3273 3275 987 
6025 1037 3276 3274 
6026 3276 3169 3274 
6027 3276 465 3169 
6028 3274 3169 1015 
6029 987 3275 3023 
6030 3275 3165 3023 
6031 3275 1015 3165 
6032 3023 3165 291 
6033 340 3109 3278 
6034 3109 3277 3278 
6035 3109 1005 3277 
6036 3278 3277 1039 
6037 1005 3279 3277 
6038 3279 3280 3277 
6039 3279 1038 3280 
6040 3277 3280 1039 
6041 1005 3113 3279 
6042 3113 3281 3279 
6043 3113 352 3281 
6044 3279 3281 1038 
6045 1039 3280 3283 
6046 3280 3282 3283 
6047 3280 1038 3282 
6048 3283 3282 334 
6049 275 3284 2923 
6050 3284 3285 2923 
6051 3284 1040 3285 
6052 2923 3285 966 
6053 1040 3286 3285 
6054 3286 3287 3285 
6055 3286 1027 3287 
6056 3285 3287 966 
6057 1040 3288 3286 
6058 3288 3225 3286 
6059 3288 332 3225 
6060 3286 3225 1027 
6061 966 3287 2927 
6062 3287 3229 2927 
6063 3287 1027 3229 
6064 2927 3229 314 
6065 434 2917 2982 
6066 2917 3289 2982 
6067 2917 964 3289 
6068 2982 3289 979 
6069 964 3290 3289 
6070 3290 3291 3289 
6071 3290 1041 3291 
6072 3289 3291 979 
6073 964 2916 3290 
6074 2916 3292 3290 
6075 2916 457 3292 
6076 3290 3292 1041 
6077 979 3291 2983 
6078 3291 3293 2983 
6079 3291 1041 3293 
6080 2983 3293 414 
6081 450 3294 3296 
6082 3294 3295 3296 
6083 3294 1042 3295 
6084 3296 3295 1044 
6085 1042 3297 3295 
6086 3297 3298 3295 
6087 3297 1043 3298 
6088 3295 3298 1044 
6089 1042 3299 3297 
6090 3299 3300 3297 
6091 3299 455 3300 
6092 3297 3300 1043 
6093 1044 3298 3302 
6094 3298 3301 3302 
6095 3298 1043 3301 
6096 3302 3301 344 
6097 338 3303 3034 
6098 3303 3304 3034 
6099 3303 1045 3304 
6100 3034 3304 990 
6101 1045 3305 3304 
6102 3305 3306 3304 
6103 3305 1044 3306 
6104 3304 3306 990 
6105 1045 3307 3305 
6106 3307 3296 3305 
6107 3307 450 3296 
6108 3305 3296 1044 
6109 990 3306 3039 
6110 3306 3302 3039 
6111 3306 1044 3302 
6112 3039 3302 344 
6113 350 1580 1729 
6114 1580 3308 1729 
6115 1580 630 3308 
6116 1729 3308 672 
6117 630 3309 3308 
6118 3309 3310 3308 
6119 3309 911 3310 
6120 3308 3310 672 
6121 630 1579 3309 
6122 1579 2698 3309 
6123 1579 477 2698 
6124 3309 2698 911 
6125 672 3310 1733 
6126 3310 2693 1733 
6127 3310 911 2693 
6128 1733 2693 425 
6129 339 2637 3071 
6130 2637 3311 3071 
6131 2637 896 3311 
6132 3071 3311 996 
6133 896 3312 3311 
6134 3312 3313 3311 
6135 3312 697 3313 
6136 3311 3313 996 
6137 896 2636 3312 
6138 2636 1829 3312 
6139 2636 442 1829 
6140 3312 1829 697 
6141 996 3313 3072 
6142 3313 1834 3072 
6143 3313 697 1834 
6144 3072 1834 336 
6145 407 1109 2185 
6146 1109 3314 2185 
6147 1109 487 3314 
6148 2185 3314 784 
6149 487 3315 3314 
6150 3315 3316 3314 
6151 3315 943 3316 
6152 3314 3316 784 
6153 487 1108 3315 
6154 1108 2821 3315 
6155 1108 456 2821 
6156 3315 2821 943 
6157 784 3316 2186 
6158 3316 2817 2186 
6159 3316 943 2817 
6160 2186 2817 387 
6161 346 3317 2730 
6162 3317 3318 2730 
6163 3317 1046 3318 
6164 2730 3318 922 
6165 1046 3319 3318 
6166 3319 3320 3318 
6167 3319 1025 3320 
6168 3318 3320 922 
6169 1046 3321 3319 
6170 3321 3219 3319 
6171 3321 447 3219 
6172 3319 3219 1025 
6173 922 3320 2735 
6174 3320 3215 2735 
6175 3320 1025 3215 
6176 2735 3215 348 
6177 414 3293 2116 
6178 3293 3322 2116 
6179 3293 1041 3322 
6180 2116 3322 768 
6181 1041 3323 3322 
6182 3323 3324 3322 
6183 3323 627 3324 
6184 3322 3324 768 
6185 1041 3292 3323 
6186 3292 1571 3323 
6187 3292 457 1571 
6188 3323 1571 627 
6189 768 3324 2117 
6190 3324 1567 2117 
6191 3324 627 1567 
6192 2117 1567 322 
6193 393 2951 1247 
6194 2951 3325 1247 
6195 2951 972 3325 
6196 1247 3325 531 
6197 972 3326 3325 
6198 3326 3327 3325 
6199 3326 1047 3327 
6200 3325 3327 531 
6201 972 2950 3326 
6202 2950 3328 3326 
6203 2950 482 3328 
6204 3326 3328 1047 
6205 531 3327 1242 
6206 3327 3329 1242 
6207 3327 1047 3329 
6208 1242 3329 343 
6209 319 3193 1952 
6210 3193 3330 1952 
6211 3193 1021 3330 
6212 1952 3330 726 
6213 1021 3331 3330 
6214 3331 3332 3330 
6215 3331 551 3332 
6216 3330 3332 726 
6217 1021 3192 3331 
6218 3192 1314 3331 
6219 3192 463 1314 
6220 3331 1314 551 
6221 726 3332 1946 
6222 3332 1310 1946 
6223 3332 551 1310 
6224 1946 1310 409 
6225 330 3119 3246 
6226 3119 3333 3246 
6227 3119 1008 3333 
6228 3246 3333 1030 
6229 1008 3334 3333 
6230 3334 3335 3333 
6231 3334 1039 3335 
6232 3333 3335 1030 
6233 1008 3125 3334 
6234 3125 3278 3334 
6235 3125 340 3278 
6236 3334 3278 1039 
6237 1030 3335 3250 
6238 3335 3283 3250 
6239 3335 1039 3283 
6240 3250 3283 334 
6241 340 3336 3107 
6242 3336 3337 3107 
6243 3336 1048 3337 
6244 3107 3337 1004 
6245 1048 3338 3337 
6246 3338 3339 3337 
6247 3338 932 3339 
6248 3337 3339 1004 
6249 1048 3340 3338 
6250 3340 2772 3338 
6251 3340 451 2772 
6252 3338 2772 932 
6253 1004 3339 3112 
6254 3339 2768 3112 
6255 3339 932 2768 
6256 3112 2768 423 
6257 359 1637 2390 
6258 1637 3341 2390 
6259 1637 645 3341 
6260 2390 3341 839 
6261 645 3342 3341 
6262 3342 3343 3341 
6263 3342 1023 3343 
6264 3341 3343 839 
6265 645 1636 3342 
6266 1636 3203 3342 
6267 1636 458 3203 
6268 3342 3203 1023 
6269 839 3343 2395 
6270 3343 3199 2395 
6271 3343 1023 3199 
6272 2395 3199 361 
6273 336 1833 2974 
6274 1833 3344 2974 
6275 1833 696 3344 
6276 2974 3344 976 
6277 696 3345 3344 
6278 3345 3346 3344 
6279 3345 1049 3346 
6280 3344 3346 976 
6281 696 1832 3345 
6282 1832 3347 3345 
6283 1832 473 3347 
6284 3345 3347 1049 
6285 976 3346 2975 
6286 3346 3348 2975 
6287 3346 1049 3348 
6288 2975 3348 314 
6289 330 3349 3117 
6290 3349 3350 3117 
6291 3349 1050 3350 
6292 3117 3350 1006 
6293 1050 3351 3350 
6294 3351 3352 3350 
6295 3351 1051 3352 
6296 3350 3352 1006 
6297 1050 3353 3351 
6298 3353 3354 3351 
6299 3353 476 3354 
6300 3351 3354 1051 
6301 1006 3352 3122 
6302 3352 3355 3122 
6303 3352 1051 3355 
6304 3122 3355 364 
6305 371 1943 2289 
6306 1943 3356 2289 
6307 1943 723 3356 
6308 2289 3356 812 
6309 723 3357 3356 
6310 3357 3358 3356 
6311 3357 1028 3358 
6312 3356 3358 812 
6313 723 1942 3357 
6314 1942 3237 3357 
6315 1942 466 3237 
6316 3357 3237 1028 
6317 812 3358 2290 
6318 3358 3233 2290 
6319 3358 1028 3233 
6320 2290 3233 369 
6321 22 2910 2561 
6322 2910 3359 2561 
6323 2910 962 3359 
6324 2561 3359 878 
6325 962 3360 3359 
6326 3360 3361 3359 
6327 3360 988 3361 
6328 3359 3361 878 
6329 962 2909 3360 
6330 2909 3031 3360 
6331 2909 454 3031 
6332 3360 3031 988 
6333 878 3361 2565 
6334 3361 3027 2565 
6335 3361 988 3027 
6336 2565 3027 315 
6337 120 2828 75 
6338 2828 3362 75 
6339 2828 945 3362 
6340 75 3362 93 
6341 945 3363 3362 
6342 3363 3364 3362 
6343 3363 1032 3364 
6344 3362 3364 93 
6345 945 2827 3363 
6346 2827 3257 3363 
6347 2827 467 3257 
6348 3363 3257 1032 
6349 93 3364 76 
6350 3364 3253 76 
6351 3364 1032 3253 
6352 76 3253 121 
6353 346 3365 3317 
6354 3365 3366 3317 
6355 3365 1052 3366 
6356 3317 3366 1046 
6357 1052 3367 3366 
6358 3367 3368 3366 
6359 3367 981 3368 
6360 3366 3368 1046 
6361 1052 3369 3367 
6362 3369 2996 3367 
6363 3369 455 2996 
6364 3367 2996 981 
6365 1046 3368 3321 
6366 3368 2992 3321 
6367 3368 981 2992 
6368 3321 2992 447 
6369 376 2846 2258 
6370 2846 3370 2258 
6371 2846 948 3370 
6372 2258 3370 804 
6373 948 3371 3370 
6374 3371 3372 3370 
6375 3371 1018 3372 
6376 3370 3372 804 
6377 948 2845 3371 
6378 2845 3181 3371 
6379 2845 470 3181 
6380 3371 3181 1018 
6381 804 3372 2259 
6382 3372 3177 2259 
6383 3372 1018 3177 
6384 2259 3177 375 
6385 460 3373 3375 
6386 3373 3374 3375 
6387 3373 1053 3374 
6388 3375 3374 1054 
6389 1053 3376 3374 
6390 3376 3377 3374 
6391 3376 884 3377 
6392 3374 3377 1054 
6393 1053 3378 3376 
6394 3378 2589 3376 
6395 3378 471 2589 
6396 3376 2589 884 
6397 1054 3377 3379 
6398 3377 2585 3379 
6399 3377 884 2585 
6400 3379 2585 349 
6401 122 2836 2015 
6402 2836 3380 2015 
6403 2836 946 3380 
6404 2015 3380 743 
6405 946 3381 3380 
6406 3381 3382 3380 
6407 3381 709 3382 
6408 3380 3382 743 
6409 946 2835 3381 
6410 2835 1885 3381 
6411 2835 478 1885 
6412 3381 1885 709 
6413 743 3382 2019 
6414 3382 1881 2019 
6415 3382 709 1881 
6416 2019 1881 318 
6417 354 1535 2680 
6418 1535 3383 2680 
6419 1535 618 3383 
6420 2680 3383 907 
6421 618 3384 3383 
6422 3384 3385 3383 
6423 3384 1002 3385 
6424 3383 3385 907 
6425 618 1534 3384 
6426 1534 3101 3384 
6427 1534 459 3101 
6428 3384 3101 1002 
6429 907 3385 2681 
6430 3385 3097 2681 
6431 3385 1002 3097 
6432 2681 3097 347 
6433 256 2841 211 
6434 2841 3386 211 
6435 2841 947 3386 
6436 211 3386 229 
6437 947 3387 3386 
6438 3387 3388 3386 
6439 3387 633 3388 
6440 3386 3388 229 
6441 947 2840 3387 
6442 2840 1592 3387 
6443 2840 479 1592 
6444 3387 1592 633 
6445 229 3388 212 
6446 3388 1588 212 
6447 3388 633 1588 
6448 212 1588 257 
6449 441 2581 3390 
6450 2581 3389 3390 
6451 2581 883 3389 
6452 3390 3389 1056 
6453 883 3391 3389 
6454 3391 3392 3389 
6455 3391 1055 3392 
6456 3389 3392 1056 
6457 883 2580 3391 
6458 2580 3393 3391 
6459 2580 443 3393 
6460 3391 3393 1055 
6461 1056 3392 3395 
6462 3392 3394 3395 
6463 3392 1055 3394 
6464 3395 3394 343 
6465 436 3396 3044 
6466 3396 3397 3044 
6467 3396 1057 3397 
6468 3044 3397 992 
6469 1057 3398 3397 
6470 3398 3399 3397 
6471 3398 882 3399 
6472 3397 3399 992 
6473 1057 3400 3398 
6474 3400 2579 3398 
6475 3400 443 2579 
6476 3398 2579 882 
6477 992 3399 3045 
6478 3399 2575 3045 
6479 3399 882 2575 
6480 3045 2575 114 
6481 344 3301 2852 
6482 3301 3401 2852 
6483 3301 1043 3401 
6484 2852 3401 950 
6485 1043 3402 3401 
6486 3402 3403 3401 
6487 3402 1052 3403 
6488 3401 3403 950 
6489 1043 3300 3402 
6490 3300 3369 3402 
6491 3300 455 3369 
6492 3402 3369 1052 
6493 950 3403 2857 
6494 3403 3365 2857 
6495 3403 1052 3365 
6496 2857 3365 346 
6497 461 3404 3406 
6498 3404 3405 3406 
6499 3404 1058 3405 
6500 3406 3405 1060 
6501 1058 3407 3405 
6502 3407 3408 3405 
6503 3407 1059 3408 
6504 3405 3408 1060 
6505 1058 3409 3407 
6506 3409 3410 3407 
6507 3409 474 3410 
6508 3407 3410 1059 
6509 1060 3408 3412 
6510 3408 3411 3412 
6511 3408 1059 3411 
6512 3412 3411 273 
6513 333 3413 3170 
6514 3413 3414 3170 
6515 3413 1061 3414 
6516 3170 3414 1016 
6517 1061 3415 3414 
6518 3415 3416 3414 
6519 3415 539 3416 
6520 3414 3416 1016 
6521 1061 3417 3415 
6522 3417 1275 3415 
6523 3417 480 1275 
6524 3415 1275 539 
6525 1016 3416 3174 
6526 3416 1271 3174 
6527 3416 539 1271 
6528 3174 1271 351 
6529 343 3394 3138 
6530 3394 3418 3138 
6531 3394 1055 3418 
6532 3138 3418 1010 
6533 1055 3419 3418 
6534 3419 3420 3418 
6535 3419 1062 3420 
6536 3418 3420 1010 
6537 1055 3393 3419 
6538 3393 3421 3419 
6539 3393 443 3421 
6540 3419 3421 1062 
6541 1010 3420 3139 
6542 3420 3422 3139 
6543 3420 1062 3422 
6544 3139 3422 341 
6545 316 2574 3424 
6546 2574 3423 3424 
6547 2574 881 3423 
6548 3424 3423 1063 
6549 881 3425 3423 
6550 3425 3426 3423 
6551 3425 1042 3426 
6552 3423 3426 1063 
6553 881 2573 3425 
6554 2573 3299 3425 
6555 2573 455 3299 
6556 3425 3299 1042 
6557 1063 3426 3427 
6558 3426 3294 3427 
6559 3426 1042 3294 
6560 3427 3294 450 
6561 282 3428 3017 
6562 3428 3429 3017 
6563 3428 1064 3429 
6564 3017 3429 986 
6565 1064 3430 3429 
6566 3430 3431 3429 
6567 3430 1065 3431 
6568 3429 3431 986 
6569 1064 3432 3430 
6570 3432 3433 3430 
6571 3432 452 3433 
6572 3430 3433 1065 
6573 986 3431 3021 
6574 3431 3434 3021 
6575 3431 1065 3434 
6576 3021 3434 331 
6577 428 3435 3266 
6578 3435 3436 3266 
6579 3435 1066 3436 
6580 3266 3436 1035 
6581 1066 3437 3436 
6582 3437 3438 3436 
6583 3437 1022 3438 
6584 3436 3438 1035 
6585 1066 3439 3437 
6586 3439 3198 3437 
6587 3439 464 3198 
6588 3437 3198 1022 
6589 1035 3438 3261 
6590 3438 3194 3261 
6591 3438 1022 3194 
6592 3261 3194 403 
6593 351 3440 3175 
6594 3440 3441 3175 
6595 3440 1067 3441 
6596 3175 3441 1017 
6597 1067 3442 3441 
6598 3442 3443 3441 
6599 3442 1045 3443 
6600 3441 3443 1017 
6601 1067 3444 3442 
6602 3444 3307 3442 
6603 3444 450 3307 
6604 3442 3307 1045 
6605 1017 3443 3176 
6606 3443 3303 3176 
6607 3443 1045 3303 
6608 3176 3303 338 
6609 475 3445 3447 
6610 3445 3446 3447 
6611 3445 1068 3446 
6612 3447 3446 1070 
6613 1068 3448 3446 
6614 3448 3449 3446 
6615 3448 1069 3449 
6616 3446 3449 1070 
6617 1068 3450 3448 
6618 3450 3451 3448 
6619 3450 480 3451 
6620 3448 3451 1069 
6621 1070 3449 3453 
6622 3449 3452 3453 
6623 3449 1069 3452 
6624 3453 3452 332 
6625 315 2657 2773 
6626 2657 3454 2773 
6627 2657 901 3454 
6628 2773 3454 933 
6629 901 3455 3454 
6630 3455 3456 3454 
6631 3455 1066 3456 
6632 3454 3456 933 
6633 901 2656 3455 
6634 2656 3439 3455 
6635 2656 464 3439 
6636 3455 3439 1066 
6637 933 3456 2777 
6638 3456 3435 2777 
6639 3456 1066 3435 
6640 2777 3435 428 
6641 157 3271 1739 
6642 3271 3457 1739 
6643 3271 1036 3457 
6644 1739 3457 674 
6645 1036 3458 3457 
6646 3458 3459 3457 
6647 3458 576 3459 
6648 3457 3459 674 
6649 1036 3270 3458 
6650 3270 1398 3458 
6651 3270 468 1398 
6652 3458 1398 576 
6653 674 3459 1743 
6654 3459 1393 1743 
6655 3459 576 1393 
6656 1743 1393 423 
6657 428 3265 2669 
6658 3265 3460 2669 
6659 3265 1034 3460 
6660 2669 3460 905 
6661 1034 3461 3460 
6662 3461 3462 3460 
6663 3461 995 3462 
6664 3460 3462 905 
6665 1034 3264 3461 
6666 3264 3057 3461 
6667 3264 469 3057 
6668 3461 3057 995 
6669 905 3462 2670 
6670 3462 3053 2670 
6671 3462 995 3053 
6672 2670 3053 24 
6673 298 3463 303 
6674 3463 3464 303 
6675 3463 1071 3464 
6676 303 3464 300 
6677 1071 3465 3464 
6678 3465 3466 3464 
6679 3465 1072 3466 
6680 3464 3466 300 
6681 1071 3467 3465 
6682 3467 3468 3465 
6683 3467 472 3468 
6684 3465 3468 1072 
6685 300 3466 304 
6686 3466 3469 304 
6687 3466 1072 3469 
6688 304 3469 273 
6689 364 1208 3123 
6690 1208 3470 3123 
6691 1208 519 3470 
6692 3123 3470 1007 
6693 519 3471 3470 
6694 3471 3472 3470 
6695 3471 1048 3472 
6696 3470 3472 1007 
6697 519 1207 3471 
6698 1207 3340 3471 
6699 1207 451 3340 
6700 3471 3340 1048 
6701 1007 3472 3124 
6702 3472 3336 3124 
6703 3472 1048 3336 
6704 3124 3336 340 
6705 273 3411 278 
6706 3411 3473 278 
6707 3411 1059 3473 
6708 278 3473 276 
6709 1059 3474 3473 
6710 3474 3475 3473 
6711 3474 1073 3475 
6712 3473 3475 276 
6713 1059 3410 3474 
6714 3410 3476 3474 
6715 3410 474 3476 
6716 3474 3476 1073 
6717 276 3475 279 
6718 3475 3477 279 
6719 3475 1073 3477 
6720 279 3477 275 
6721 439 3478 3480 
6722 3478 3479 3480 
6723 3478 1074 3479 
6724 3480 3479 1075 
6725 1074 3481 3479 
6726 3481 3482 3479 
6727 3481 1037 3482 
6728 3479 3482 1075 
6729 1074 3483 3481 
6730 3483 3276 3481 
6731 3483 465 3276 
6732 3481 3276 1037 
6733 1075 3482 3484 
6734 3482 3272 3484 
6735 3482 1037 3272 
6736 3484 3272 331 
6737 352 3485 3281 
6738 3485 3486 3281 
6739 3485 1076 3486 
6740 3281 3486 1038 
6741 1076 3487 3486 
6742 3487 3488 3486 
6743 3487 1077 3488 
6744 3486 3488 1038 
6745 1076 3489 3487 
6746 3489 3490 3487 
6747 3489 460 3490 
6748 3487 3490 1077 
6749 1038 3488 3282 
6750 3488 3491 3282 
6751 3488 1077 3491 
6752 3282 3491 334 
6753 341 3422 3238 
6754 3422 3492 3238 
6755 3422 1062 3492 
6756 3238 3492 1029 
6757 1062 3493 3492 
6758 3493 3494 3492 
6759 3493 1057 3494 
6760 3492 3494 1029 
6761 1062 3421 3493 
6762 3421 3400 3493 
6763 3421 443 3400 
6764 3493 3400 1057 
6765 1029 3494 3242 
6766 3494 3396 3242 
6767 3494 1057 3396 
6768 3242 3396 436 
6769 461 3495 3404 
6770 3495 3496 3404 
6771 3495 1078 3496 
6772 3404 3496 1058 
6773 1078 3497 3496 
6774 3497 3498 3496 
6775 3497 1079 3498 
6776 3496 3498 1058 
6777 1078 3499 3497 
6778 3499 3500 3497 
6779 3499 475 3500 
6780 3497 3500 1079 
6781 1058 3498 3409 
6782 3498 3501 3409 
6783 3498 1079 3501 
6784 3409 3501 474 
6785 273 3469 3412 
6786 3469 3502 3412 
6787 3469 1072 3502 
6788 3412 3502 1060 
6789 1072 3503 3502 
6790 3503 3504 3502 
6791 3503 1080 3504 
6792 3502 3504 1060 
6793 1072 3468 3503 
6794 3468 3505 3503 
6795 3468 472 3505 
6796 3503 3505 1080 
6797 1060 3504 3406 
6798 3504 3506 3406 
6799 3504 1080 3506 
6800 3406 3506 461 
6801 331 3507 3484 
6802 3507 3508 3484 
6803 3507 1081 3508 
6804 3484 3508 1075 
6805 1081 3509 3508 
6806 3509 3510 3508 
6807 3509 856 3510 
6808 3508 3510 1075 
6809 1081 3511 3509 
6810 3511 2464 3509 
6811 3511 481 2464 
6812 3509 2464 856 
6813 1075 3510 3480 
6814 3510 2460 3480 
6815 3510 856 2460 
6816 3480 2460 439 
6817 474 3501 3513 
6818 3501 3512 3513 
6819 3501 1079 3512 
6820 3513 3512 1082 
6821 1079 3514 3512 
6822 3514 3515 3512 
6823 3514 1070 3515 
6824 3512 3515 1082 
6825 1079 3500 3514 
6826 3500 3447 3514 
6827 3500 475 3447 
6828 3514 3447 1070 
6829 1082 3515 3516 
6830 3515 3453 3516 
6831 3515 1070 3453 
6832 3516 3453 332 
6833 460 3517 3490 
6834 3517 3518 3490 
6835 3517 1083 3518 
6836 3490 3518 1077 
6837 1083 3519 3518 
6838 3519 3520 3518 
6839 3519 1084 3520 
6840 3518 3520 1077 
6841 1083 3521 3519 
6842 3521 3522 3519 
6843 3521 472 3522 
6844 3519 3522 1084 
6845 1077 3520 3491 
6846 3520 3523 3491 
6847 3520 1084 3523 
6848 3491 3523 334 
6849 394 3259 3074 
6850 3259 3524 3074 
6851 3259 1033 3524 
6852 3074 3524 998 
6853 1033 3525 3524 
6854 3525 3526 3524 
6855 3525 1003 3526 
6856 3524 3526 998 
6857 1033 3258 3525 
6858 3258 3106 3525 
6859 3258 467 3106 
6860 3525 3106 1003 
6861 998 3526 3078 
6862 3526 3102 3078 
6863 3526 1003 3102 
6864 3078 3102 433 
6865 343 3329 3395 
6866 3329 3527 3395 
6867 3329 1047 3527 
6868 3395 3527 1056 
6869 1047 3528 3527 
6870 3528 3529 3527 
6871 3528 1085 3529 
6872 3527 3529 1056 
6873 1047 3328 3528 
6874 3328 3530 3528 
6875 3328 482 3530 
6876 3528 3530 1085 
6877 1056 3529 3390 
6878 3529 3531 3390 
6879 3529 1085 3531 
6880 3390 3531 441 
6881 274 3532 2805 
6882 3532 3533 2805 
6883 3532 1086 3533 
6884 2805 3533 940 
6885 1086 3534 3533 
6886 3534 3535 3533 
6887 3534 541 3535 
6888 3533 3535 940 
6889 1086 3536 3534 
6890 3536 1283 3534 
6891 3536 473 1283 
6892 3534 1283 541 
6893 940 3535 2809 
6894 3535 1278 2809 
6895 3535 541 1278 
6896 2809 1278 317 
6897 425 3052 1181 
6898 3052 3537 1181 
6899 3052 994 3537 
6900 1181 3537 512 
6901 994 3538 3537 
6902 3538 3539 3537 
6903 3538 1074 3539 
6904 3537 3539 512 
6905 994 3051 3538 
6906 3051 3483 3538 
6907 3051 465 3483 
6908 3538 3483 1074 
6909 512 3539 1186 
6910 3539 3478 1186 
6911 3539 1074 3478 
6912 1186 3478 439 
6913 441 3531 2960 
6914 3531 3540 2960 
6915 3531 1085 3540 
6916 2960 3540 974 
6917 1085 3541 3540 
6918 3541 3542 3540 
6919 3541 973 3542 
6920 3540 3542 974 
6921 1085 3530 3541 
6922 3530 2956 3541 
6923 3530 482 2956 
6924 3541 2956 973 
6925 974 3542 2961 
6926 3542 2952 2961 
6927 3542 973 2952 
6928 2961 2952 305 
6929 476 3543 3354 
6930 3543 3544 3354 
6931 3543 1087 3544 
6932 3354 3544 1051 
6933 1087 3545 3544 
6934 3545 3546 3544 
6935 3545 629 3546 
6936 3544 3546 1051 
6937 1087 3547 3545 
6938 3547 1578 3545 
6939 3547 477 1578 
6940 3545 1578 629 
6941 1051 3546 3355 
6942 3546 1574 3355 
6943 3546 629 1574 
6944 3355 1574 364 
6945 461 3506 3549 
6946 3506 3548 3549 
6947 3506 1080 3548 
6948 3549 3548 1088 
6949 1080 3550 3548 
6950 3550 3551 3548 
6951 3550 1083 3551 
6952 3548 3551 1088 
6953 1080 3505 3550 
6954 3505 3521 3550 
6955 3505 472 3521 
6956 3550 3521 1083 
6957 1088 3551 3552 
6958 3551 3517 3552 
6959 3551 1083 3517 
6960 3552 3517 460 
6961 450 3553 3427 
6962 3553 3554 3427 
6963 3553 1089 3554 
6964 3427 3554 1063 
6965 1089 3555 3554 
6966 3555 3556 3554 
6967 3555 1012 3556 
6968 3554 3556 1063 
6969 1089 3557 3555 
6970 3557 3145 3555 
6971 3557 462 3145 
6972 3555 3145 1012 
6973 1063 3556 3424 
6974 3556 3141 3424 
6975 3556 1012 3141 
6976 3424 3141 316 
6977 314 3348 2928 
6978 3348 3558 2928 
6979 3348 1049 3558 
6980 2928 3558 967 
6981 1049 3559 3558 
6982 3559 3560 3558 
6983 3559 1086 3560 
6984 3558 3560 967 
6985 1049 3347 3559 
6986 3347 3536 3559 
6987 3347 473 3536 
6988 3559 3536 1086 
6989 967 3560 2929 
6990 3560 3532 2929 
6991 3560 1086 3532 
6992 2929 3532 274 
6993 327 3561 2882 
6994 3561 3562 2882 
6995 3561 1090 3562 
6996 2882 3562 956 
6997 1090 3563 3562 
6998 3563 3564 3562 
6999 3563 1091 3564 
7000 3562 3564 956 
7001 1090 3565 3563 
7002 3565 3566 3563 
7003 3565 476 3566 
7004 3563 3566 1091 
7005 956 3564 2883 
7006 3564 3567 2883 
7007 3564 1091 3567 
7008 2883 3567 290 
7009 351 1263 3440 
7010 1263 3568 3440 
7011 1263 536 3568 
7012 3440 3568 1067 
7013 536 3569 3568 
7014 3569 3570 3568 
7015 3569 1089 3570 
7016 3568 3570 1067 
7017 536 1262 3569 
7018 1262 3557 3569 
7019 1262 462 3557 
7020 3569 3557 1089 
7021 1067 3570 3444 
7022 3570 3553 3444 
7023 3570 1089 3553 
7024 3444 3553 450 
7025 290 3567 2894 
7026 3567 3571 2894 
7027 3567 1091 3571 
7028 2894 3571 959 
7029 1091 3572 3571 
7030 3572 3573 3571 
7031 3572 1050 3573 
7032 3571 3573 959 
7033 1091 3566 3572 
7034 3566 3353 3572 
7035 3566 476 3353 
7036 3572 3353 1050 
7037 959 3573 2898 
7038 3573 3349 2898 
7039 3573 1050 3349 
7040 2898 3349 330 
7041 332 3452 3223 
7042 3452 3574 3223 
7043 3452 1069 3574 
7044 3223 3574 1026 
7045 1069 3575 3574 
7046 3575 3576 3574 
7047 3575 1061 3576 
7048 3574 3576 1026 
7049 1069 3451 3575 
7050 3451 3417 3575 
7051 3451 480 3417 
7052 3575 3417 1061 
7053 1026 3576 3228 
7054 3576 3413 3228 
7055 3576 1061 3413 
7056 3228 3413 333 
7057 334 3523 3251 
7058 3523 3577 3251 
7059 3523 1084 3577 
7060 3251 3577 1031 
7061 1084 3578 3577 
7062 3578 3579 3577 
7063 3578 1071 3579 
7064 3577 3579 1031 
7065 1084 3522 3578 
7066 3522 3467 3578 
7067 3522 472 3467 
7068 3578 3467 1071 
7069 1031 3579 3252 
7070 3579 3463 3252 
7071 3579 1071 3463 
7072 3252 3463 298 
7073 275 3477 3284 
7074 3477 3580 3284 
7075 3477 1073 3580 
7076 3284 3580 1040 
7077 1073 3581 3580 
7078 3581 3582 3580 
7079 3581 1082 3582 
7080 3580 3582 1040 
7081 1073 3476 3581 
7082 3476 3513 3581 
7083 3476 474 3513 
7084 3581 3513 1082 
7085 1040 3582 3288 
7086 3582 3516 3288 
7087 3582 1082 3516 
7088 3288 3516 332 
7089 349 1860 3584 
7090 1860 3583 3584 
7091 1860 704 3583 
7092 3584 3583 1092 
7093 704 3585 3583 
7094 3585 3586 3583 
7095 3585 1078 3586 
7096 3583 3586 1092 
7097 704 1859 3585 
7098 1859 3499 3585 
7099 1859 475 3499 
7100 3585 3499 1078 
7101 1092 3586 3587 
7102 3586 3495 3587 
7103 3586 1078 3495 
7104 3587 3495 461 
7105 452 2941 3433 
7106 2941 3588 3433 
7107 2941 970 3588 
7108 3433 3588 1065 
7109 970 3589 3588 
7110 3589 3590 3588 
7111 3589 1081 3590 
7112 3588 3590 1065 
7113 970 2940 3589 
7114 2940 3511 3589 
7115 2940 481 3511 
7116 3589 3511 1081 
7117 1065 3590 3434 
7118 3590 3507 3434 
7119 3590 1081 3507 
7120 3434 3507 331 
7121 352 1161 3485 
7122 1161 3591 3485 
7123 1161 504 3591 
7124 3485 3591 1076 
7125 504 3592 3591 
7126 3592 3593 3591 
7127 3592 1053 3593 
7128 3591 3593 1076 
7129 504 1160 3592 
7130 1160 3378 3592 
7131 1160 471 3378 
7132 3592 3378 1053 
7133 1076 3593 3489 
7134 3593 3373 3489 
7135 3593 1053 3373 
7136 3489 3373 460 
7137 349 3584 3379 
7138 3584 3594 3379 
7139 3584 1092 3594 
7140 3379 3594 1054 
7141 1092 3595 3594 
7142 3595 3596 3594 
7143 3595 1088 3596 
7144 3594 3596 1054 
7145 1092 3587 3595 
7146 3587 3549 3595 
7147 3587 461 3549 
7148 3595 3549 1088 
7149 1054 3596 3375 
7150 3596 3552 3375 
7151 3596 1088 3552 
7152 3375 3552 460 
7153 353 1277 1854 
7154 1277 3597 1854 
7155 1277 540 3597 
7156 1854 3597 703 
7157 540 3598 3597 
7158 3598 3599 3597 
7159 3598 1068 3599 
7160 3597 3599 703 
7161 540 1276 3598 
7162 1276 3450 3598 
7163 1276 480 3450 
7164 3598 3450 1068 
7165 703 3599 1858 
7166 3599 3445 1858 
7167 3599 1068 3445 
7168 1858 3445 475 
7169 327 2700 3561 
7170 2700 3600 3561 
7171 2700 912 3600 
7172 3561 3600 1090 
7173 912 3601 3600 
7174 3601 3602 3600 
7175 3601 1087 3602 
7176 3600 3602 1090 
7177 912 2699 3601 
7178 2699 3547 3601 
7179 2699 477 3547 
7180 3601 3547 1087 
7181 1090 3602 3565 
7182 3602 3543 3565 
7183 3602 1087 3543 
7184 3565 3543 476 
7185 25 1135 2 
7186 1135 3603 2 
7187 1135 496 3603 
7188 2 3603 1 
7189 496 3604 3603 
7190 3604 3605 3603 
7191 3604 626 3605 
7192 3603 3605 1 
7193 496 1134 3604 
7194 1134 1566 3604 
7195 1134 448 1566 
7196 3604 1566 626 
7197 1 3605 3 
7198 3605 1562 3 
7199 3605 626 1562 
7200 3 1562 20 
7201 283 1170 288 
7202 1170 3606 288 
7203 1170 507 3606 
7204 288 3606 285 
7205 507 3607 3606 
7206 3607 3608 3606 
7207 3607 1064 3608 
7208 3606 3608 285 
7209 507 1169 3607 
7210 1169 3432 3607 
7211 1169 452 3432 
7212 3607 3432 1064 
7213 285 3608 289 
7214 3608 3428 289 
7215 3608 1064 3428 
7216 289 3428 282 
$EndElements
